entry_date,exit_date,direction,pnl,win,pair
2024-02-28,2024-03-14,long_spread,-40.84825034499622,False,HUM-MDT
2024-03-27,2024-04-02,short_spread,5437.078268409185,True,HUM-MDT
2024-04-03,2024-04-19,long_spread,948.2384161575546,True,HUM-MDT
2024-05-09,2024-05-28,short_spread,-1475.1908486226937,False,HUM-MDT
2024-06-28,2024-07-03,short_spread,1544.0892972398576,True,HUM-MDT
2024-07-16,2024-07-17,short_spread,-1520.542523966272,False,HUM-MDT
2024-09-04,2024-09-09,short_spread,3172.871226094353,True,HUM-MDT
2024-09-11,2024-09-27,long_spread,-1064.1033788856403,False,HUM-MDT
2024-10-02,2024-10-03,long_spread,-860.3209277830301,False,HUM-MDT
2024-10-04,2024-10-14,long_spread,3505.718724296411,True,HUM-MDT
2024-11-06,2024-11-15,short_spread,2044.9183493531416,True,HUM-MDT
2024-12-16,2024-12-17,long_spread,-2993.027469833984,False,HUM-MDT
2024-12-18,2025-01-03,long_spread,3019.1084019025593,True,HUM-MDT
2025-01-13,2025-02-06,short_spread,-1307.0224767642042,False,HUM-MDT
2025-04-04,2025-04-08,long_spread,2931.4207467558117,True,HUM-MDT
2025-04-21,2025-04-24,long_spread,3074.0021024159596,True,HUM-MDT
2025-05-13,2025-05-19,long_spread,2530.1433101490393,True,HUM-MDT
2025-05-22,2025-06-03,long_spread,1825.2899090457993,True,HUM-MDT
2025-06-30,2025-07-01,short_spread,-1316.4853109456396,False,HUM-MDT
2025-07-30,2025-09-09,short_spread,-1917.7226462561425,False,HUM-MDT
2025-10-06,2025-10-13,short_spread,3451.291849699058,True,HUM-MDT
2025-11-05,2025-11-06,long_spread,-1669.9704872781995,False,HUM-MDT
2025-11-10,2025-11-24,long_spread,1542.9205967694916,True,HUM-MDT
2026-01-05,2026-01-06,short_spread,-1204.065719537279,False,HUM-MDT
2026-01-27,2026-01-28,long_spread,-1564.1759849220796,False,HUM-MDT
2026-01-29,2026-02-27,long_spread,-1526.584666898591,False,HUM-MDT
2026-03-06,2026-03-25,long_spread,-1305.896132865057,False,HUM-MDT
2026-04-07,2026-04-08,short_spread,-701.2024882067209,False,HUM-MDT
2026-04-09,2026-05-08,short_spread,-6006.3484377168,False,HUM-MDT
2026-05-11,2026-05-12,short_spread,-3016.4853457048566,False,HUM-MDT
2026-05-13,2026-05-29,short_spread,511.2950439058518,True,HUM-MDT
2024-02-02,2024-02-27,short_spread,-1344.0141349679773,False,CI-MDT
2024-03-27,2024-04-08,short_spread,2050.9277909440616,True,CI-MDT
2024-05-20,2024-05-31,long_spread,638.9690795841575,True,CI-MDT
2024-06-28,2024-07-01,long_spread,-1194.1895597508894,False,CI-MDT
2024-07-02,2024-07-11,long_spread,1340.6667038084533,True,CI-MDT
2024-08-23,2024-09-17,short_spread,-667.7263806055878,False,CI-MDT
2024-09-26,2024-10-10,long_spread,829.8426500183095,True,CI-MDT
2024-10-21,2024-11-11,long_spread,2508.4888283590894,True,CI-MDT
2024-12-10,2024-12-11,long_spread,-2864.59001109608,False,CI-MDT
2024-12-12,2025-01-03,long_spread,-716.6207276787445,False,CI-MDT
2025-01-14,2025-02-06,short_spread,-2185.6757436868447,False,CI-MDT
2025-02-25,2025-03-12,short_spread,-163.05785615348896,False,CI-MDT
2025-04-04,2025-04-11,long_spread,1159.8034973017827,True,CI-MDT
2025-05-12,2025-05-13,long_spread,-2363.793895370518,False,CI-MDT
2025-05-14,2025-05-16,long_spread,3374.1612729185736,True,CI-MDT
2025-06-26,2025-06-30,short_spread,-687.3119620215812,False,CI-MDT
2025-07-01,2025-07-07,short_spread,3508.396949580826,True,CI-MDT
2025-07-31,2025-08-01,long_spread,-1102.5378751355136,False,CI-MDT
2025-08-04,2025-08-11,long_spread,2618.5677302754184,True,CI-MDT
2025-09-25,2025-10-01,long_spread,1559.24831904263,True,CI-MDT
2025-10-03,2025-10-13,short_spread,3091.1578378690447,True,CI-MDT
2025-10-30,2025-10-31,long_spread,-514.0169820883466,False,CI-MDT
2026-01-05,2026-01-06,short_spread,-1137.7063957960409,False,CI-MDT
2026-02-05,2026-02-06,short_spread,-1158.9673112659602,False,CI-MDT
2026-02-09,2026-02-17,short_spread,2332.415550228464,True,CI-MDT
2026-03-06,2026-03-25,long_spread,-1236.4282743992776,False,CI-MDT
2026-04-08,2026-04-15,short_spread,1901.10234205167,True,CI-MDT
2026-05-04,2026-05-05,long_spread,-770.4409717937252,False,CI-MDT
2026-05-29,2026-06-04,long_spread,3519.9795250437487,True,CI-MDT
2024-03-05,2024-03-14,long_spread,1233.61315518713,True,SCHW-HBAN
2024-03-22,2024-03-27,short_spread,1206.1730047097774,True,SCHW-HBAN
2024-04-16,2024-05-01,short_spread,1286.4939034516472,True,SCHW-HBAN
2024-05-20,2024-05-22,short_spread,1409.7277460782084,True,SCHW-HBAN
2024-05-24,2024-06-04,long_spread,674.8880977842052,True,SCHW-HBAN
2024-06-10,2024-06-11,short_spread,-600.2178128520984,False,SCHW-HBAN
2024-07-15,2024-07-16,long_spread,-6346.752876537565,False,SCHW-HBAN
2024-07-17,2024-07-18,long_spread,-446.0173477139534,False,SCHW-HBAN
2024-07-19,2024-08-02,long_spread,4727.171785560169,True,SCHW-HBAN
2024-09-19,2024-09-23,long_spread,1319.2312868096287,True,SCHW-HBAN
2024-10-14,2024-10-15,long_spread,1891.713518809567,True,SCHW-HBAN
2024-11-06,2024-11-07,long_spread,-1050.8625213997175,False,SCHW-HBAN
2024-11-08,2024-11-14,long_spread,2438.8188684029324,True,SCHW-HBAN
2024-12-09,2024-12-10,short_spread,-754.9921330739917,False,SCHW-HBAN
2024-12-12,2024-12-16,short_spread,2914.754072694812,True,SCHW-HBAN
2025-01-07,2025-01-10,long_spread,2150.8737036835137,True,SCHW-HBAN
2025-01-14,2025-01-15,long_spread,-1120.1796261786926,False,SCHW-HBAN
2025-01-23,2025-02-14,short_spread,22.605114226381943,True,SCHW-HBAN
2025-02-20,2025-02-27,short_spread,952.0703736292805,True,SCHW-HBAN
2025-03-11,2025-03-24,short_spread,-107.18404454749276,False,SCHW-HBAN
2025-04-03,2025-04-04,short_spread,-176.9713443491548,False,SCHW-HBAN
2025-04-07,2025-04-17,short_spread,138.57623012292493,True,SCHW-HBAN
2025-05-12,2025-05-19,long_spread,1274.5839900841672,True,SCHW-HBAN
2025-06-26,2025-07-14,long_spread,-5.477241562488871,False,SCHW-HBAN
2025-08-22,2025-09-22,long_spread,-1439.5370797129833,False,SCHW-HBAN
2025-10-06,2025-11-07,short_spread,-4837.609561644288,False,SCHW-HBAN
2025-11-21,2025-11-24,long_spread,-269.7124223463443,False,SCHW-HBAN
2025-11-25,2025-12-19,long_spread,-2133.670422571048,False,SCHW-HBAN
2026-01-21,2026-01-22,long_spread,5541.817853955906,True,SCHW-HBAN
2026-04-16,2026-04-29,long_spread,47.51718147544784,True,SCHW-HBAN
2026-05-13,2026-05-20,short_spread,2310.450047767102,True,SCHW-HBAN
2024-02-28,2024-02-29,long_spread,-437.7270956721545,False,UNH-MDT
2024-03-01,2024-03-12,long_spread,512.779259306554,True,UNH-MDT
2024-04-02,2024-04-16,long_spread,-232.30599331134658,False,UNH-MDT
2024-05-15,2024-05-23,short_spread,649.9298242184753,True,UNH-MDT
2024-07-12,2024-07-16,short_spread,-3294.8334742489205,False,UNH-MDT
2024-07-17,2024-08-07,short_spread,606.5435461431103,True,UNH-MDT
2024-10-14,2024-10-15,short_spread,4240.302274682022,True,UNH-MDT
2024-11-08,2024-11-11,short_spread,-974.5572070587991,False,UNH-MDT
2024-12-05,2024-12-06,long_spread,-2609.5931099915097,False,UNH-MDT
2024-12-11,2024-12-12,long_spread,-1621.0598902361514,False,UNH-MDT
2024-12-16,2025-01-03,long_spread,1276.9555010575518,True,UNH-MDT
2025-01-13,2025-01-14,short_spread,-937.1346144380594,False,UNH-MDT
2025-01-15,2025-02-06,short_spread,76.16556067462318,True,UNH-MDT
2025-02-18,2025-02-21,long_spread,-2266.520858356118,False,UNH-MDT
2025-02-24,2025-03-06,long_spread,2814.034829502685,True,UNH-MDT
2025-04-03,2025-04-04,short_spread,2276.5203170343884,True,UNH-MDT
2025-04-09,2025-04-10,short_spread,-904.3985894796978,False,UNH-MDT
2025-04-11,2025-04-17,short_spread,12710.404298729698,True,UNH-MDT
2025-04-21,2025-05-15,long_spread,-12346.659747932099,False,UNH-MDT
2025-07-01,2025-07-07,short_spread,2169.9295904943347,True,UNH-MDT
2025-07-29,2025-07-31,long_spread,-1449.20595215998,False,UNH-MDT
2025-08-01,2025-08-12,long_spread,2622.4854247798057,True,UNH-MDT
2025-08-15,2025-09-09,short_spread,-4082.0724819863112,False,UNH-MDT
2025-09-10,2025-10-10,short_spread,-1648.8252223295062,False,UNH-MDT
2025-10-29,2025-10-30,long_spread,-1097.2755888068734,False,UNH-MDT
2025-10-31,2025-11-03,long_spread,-802.4018553684181,False,UNH-MDT
2025-11-04,2025-11-12,long_spread,1778.1532804835042,True,UNH-MDT
2025-11-25,2025-12-08,short_spread,839.2156398841989,True,UNH-MDT
2026-01-06,2026-01-12,short_spread,1407.071445815035,True,UNH-MDT
2026-01-22,2026-01-27,short_spread,6512.321366899644,True,UNH-MDT
2026-01-28,2026-02-13,long_spread,-341.6398098107187,False,UNH-MDT
2026-02-24,2026-02-26,long_spread,1178.7242913142743,True,UNH-MDT
2026-03-06,2026-04-02,long_spread,-1349.0813074279438,False,UNH-MDT
2026-04-07,2026-05-20,short_spread,-5146.151746486583,False,UNH-MDT
2026-06-04,2026-06-17,short_spread,253.243489652368,True,UNH-MDT
2024-02-13,2024-03-11,long_spread,-692.1169813242198,False,MSFT-LRCX
2024-03-14,2024-03-21,short_spread,653.8927410654021,True,MSFT-LRCX
2024-04-17,2024-04-25,short_spread,355.5034408159672,True,MSFT-LRCX
2024-05-30,2024-06-04,long_spread,451.9029789350892,True,MSFT-LRCX
2024-06-10,2024-06-18,long_spread,-609.7449955406785,False,MSFT-LRCX
2024-07-17,2024-07-18,short_spread,-143.51850742885128,False,MSFT-LRCX
2024-07-19,2024-07-31,short_spread,852.2950647445733,True,MSFT-LRCX
2024-08-02,2024-08-13,short_spread,923.9735319087372,True,MSFT-LRCX
2024-09-03,2024-09-24,short_spread,-489.80729266649087,False,MSFT-LRCX
2025-01-03,2025-01-06,long_spread,-293.6871189514723,False,MSFT-LRCX
2025-01-07,2025-01-23,long_spread,457.90918560305886,True,MSFT-LRCX
2025-01-28,2025-01-30,short_spread,2370.361749756182,True,MSFT-LRCX
2025-04-03,2025-04-04,short_spread,-407.57991722216985,False,MSFT-LRCX
2025-05-01,2025-05-02,short_spread,-46.08011163135745,False,MSFT-LRCX
2025-05-05,2025-05-12,short_spread,681.8623327342436,True,MSFT-LRCX
2025-07-02,2025-07-09,long_spread,348.0261409261097,True,MSFT-LRCX
2025-07-22,2025-07-31,short_spread,-1769.0137659086356,False,MSFT-LRCX
2025-09-05,2025-09-11,long_spread,-1781.3641278890598,False,MSFT-LRCX
2025-09-12,2025-10-10,long_spread,-2329.632520365195,False,MSFT-LRCX
2025-10-27,2025-11-13,long_spread,-765.9671052462236,False,MSFT-LRCX
2025-12-10,2025-12-17,long_spread,1930.2041854627328,True,MSFT-LRCX
2025-12-22,2026-01-05,long_spread,-3705.3902611656194,False,MSFT-LRCX
2026-01-06,2026-02-04,long_spread,-3410.9615079603645,False,MSFT-LRCX
2026-03-06,2026-03-16,short_spread,3515.953660278324,True,MSFT-LRCX
2026-04-08,2026-04-09,long_spread,-2084.3102508690295,False,MSFT-LRCX
2026-04-10,2026-04-21,long_spread,3156.2114595772746,True,MSFT-LRCX
2026-05-06,2026-05-18,long_spread,3390.7182223926593,True,MSFT-LRCX
2026-06-03,2026-06-05,long_spread,5838.385200879605,True,MSFT-LRCX
2024-02-27,2024-02-28,short_spread,-552.7678789239457,False,BBY-BURL
2024-02-29,2024-03-01,short_spread,1521.6610341465298,True,BBY-BURL
2024-04-04,2024-04-22,short_spread,-649.2576390455342,False,BBY-BURL
2024-05-01,2024-05-30,long_spread,-1138.423336119137,False,BBY-BURL
2024-06-03,2024-06-04,short_spread,-1112.0500586186279,False,BBY-BURL
2024-06-05,2024-06-24,short_spread,-43.4528829263902,False,BBY-BURL
2024-08-02,2024-08-21,long_spread,85.01211188982523,True,BBY-BURL
2024-08-29,2024-08-30,short_spread,-118.61487181332616,False,BBY-BURL
2024-09-03,2024-09-13,short_spread,2483.1224388087535,True,BBY-BURL
2024-09-27,2024-09-30,short_spread,-850.431583746837,False,BBY-BURL
2024-10-21,2024-11-04,long_spread,555.2268757498022,True,BBY-BURL
2024-11-19,2024-12-16,long_spread,-721.974442286512,False,BBY-BURL
2025-01-03,2025-01-21,long_spread,343.69086687885715,True,BBY-BURL
2025-02-04,2025-02-05,short_spread,-1249.4182453705412,False,BBY-BURL
2025-02-10,2025-02-28,short_spread,-1647.3769106384577,False,BBY-BURL
2025-03-04,2025-03-26,long_spread,-1272.5390197247013,False,BBY-BURL
2025-04-03,2025-04-04,long_spread,-620.7881624149785,False,BBY-BURL
2025-04-07,2025-04-17,long_spread,372.9013194582943,True,BBY-BURL
2025-05-19,2025-05-23,long_spread,2711.9521206208715,True,BBY-BURL
2025-05-27,2025-05-29,short_spread,1798.414005562174,True,BBY-BURL
2025-06-10,2025-06-17,short_spread,1550.3888166753306,True,BBY-BURL
2025-07-14,2025-07-15,long_spread,-830.6432182259787,False,BBY-BURL
2025-07-16,2025-07-17,long_spread,-450.2368564616435,False,BBY-BURL
2025-07-18,2025-07-21,long_spread,-1745.1554604669386,False,BBY-BURL
2025-08-19,2025-08-28,short_spread,2548.9337790657796,True,BBY-BURL
2025-09-11,2025-10-07,short_spread,-877.0072315949243,False,BBY-BURL
2025-10-20,2025-11-03,short_spread,549.0345251052157,True,BBY-BURL
2025-11-11,2025-11-25,long_spread,4859.788607550248,True,BBY-BURL
2026-02-09,2026-02-10,long_spread,1909.1597964349864,True,BBY-BURL
2026-02-20,2026-03-03,long_spread,2311.4164222160543,True,BBY-BURL
2026-03-25,2026-03-27,long_spread,3138.740649187764,True,BBY-BURL
2026-05-19,2026-05-21,short_spread,1975.056597123113,True,BBY-BURL
2026-05-28,2026-05-29,short_spread,478.9783034189547,True,BBY-BURL
2026-06-01,2026-06-16,short_spread,1626.9995708915358,True,BBY-BURL
2024-01-30,2024-02-26,short_spread,-931.2171288144148,False,ELV-MDT
2024-03-27,2024-04-02,short_spread,2638.5982642407716,True,ELV-MDT
2024-04-12,2024-04-18,long_spread,2837.4222981759385,True,ELV-MDT
2024-05-16,2024-05-23,short_spread,852.8158271669863,True,ELV-MDT
2024-05-29,2024-05-31,long_spread,3601.279459136815,True,ELV-MDT
2024-07-08,2024-07-11,long_spread,1023.3574253547548,True,ELV-MDT
2024-07-16,2024-07-17,short_spread,2869.09767730426,True,ELV-MDT
2024-07-18,2024-07-19,long_spread,-946.9983979235756,False,ELV-MDT
2024-09-24,2024-09-25,long_spread,-907.3085515087832,False,ELV-MDT
2024-09-26,2024-10-14,long_spread,-1043.3094313229283,False,ELV-MDT
2024-10-17,2024-10-18,long_spread,-1030.3303303690811,False,ELV-MDT
2024-10-21,2024-11-06,long_spread,508.9056572201289,True,ELV-MDT
2024-11-14,2024-11-29,long_spread,71.91631212163861,True,ELV-MDT
2024-12-06,2025-01-03,long_spread,-1746.8433883697626,False,ELV-MDT
2025-01-13,2025-02-06,short_spread,-1351.4550409966043,False,ELV-MDT
2025-02-18,2025-02-25,long_spread,3138.0390194304337,True,ELV-MDT
2025-03-07,2025-03-25,short_spread,-515.8894052299645,False,ELV-MDT
2025-04-03,2025-04-04,short_spread,3775.712039301337,True,ELV-MDT
2025-04-21,2025-04-24,long_spread,3023.4776082134595,True,ELV-MDT
2025-05-13,2025-05-14,long_spread,-350.9074696500136,False,ELV-MDT
2025-05-23,2025-06-04,long_spread,1948.7057512522442,True,ELV-MDT
2025-07-01,2025-07-02,short_spread,5264.443812241489,True,ELV-MDT
2025-07-03,2025-07-17,long_spread,-4936.8766432629745,False,ELV-MDT
2025-07-18,2025-08-07,long_spread,1078.3178991849366,True,ELV-MDT
2025-08-15,2025-09-04,short_spread,191.53662601929045,True,ELV-MDT
2025-09-23,2025-10-02,short_spread,-2196.0563914374534,False,ELV-MDT
2025-10-03,2025-10-16,short_spread,842.852639983384,True,ELV-MDT
2025-10-29,2025-10-30,long_spread,-1846.282497207737,False,ELV-MDT
2025-10-31,2025-11-12,long_spread,2330.8756818552065,True,ELV-MDT
2025-11-25,2025-12-08,short_spread,1358.8729442917745,True,ELV-MDT
2025-12-11,2025-12-17,short_spread,1946.464087374023,True,ELV-MDT
2026-01-06,2026-01-27,short_spread,5474.034322269637,True,ELV-MDT
2026-02-24,2026-03-02,long_spread,-3517.070596868748,False,ELV-MDT
2026-03-03,2026-03-25,long_spread,-433.7622275919575,False,ELV-MDT
2026-04-07,2026-04-08,short_spread,-1277.9501509457718,False,ELV-MDT
2026-04-09,2026-05-26,short_spread,-5891.622587930413,False,ELV-MDT
2026-06-04,2026-06-05,short_spread,-687.0772159532331,False,ELV-MDT
2026-06-08,2026-06-11,short_spread,2053.9569978484856,True,ELV-MDT
2024-01-31,2024-02-12,short_spread,114.38078970230268,True,ETN-PH
2024-02-22,2024-02-28,short_spread,-394.2566741199872,False,ETN-PH
2024-02-29,2024-03-01,short_spread,-647.5556339504881,False,ETN-PH
2024-03-04,2024-04-09,short_spread,-804.616817504186,False,ETN-PH
2024-05-03,2024-05-23,short_spread,-3533.80212817203,False,ETN-PH
2024-05-24,2024-06-04,short_spread,2236.9094137899447,True,ETN-PH
2024-07-15,2024-07-16,long_spread,-1263.1003576028336,False,ETN-PH
2024-07-17,2024-08-29,long_spread,-4427.376152780251,False,ETN-PH
2024-09-19,2024-09-27,short_spread,480.06416514734195,True,ETN-PH
2024-10-17,2024-10-31,short_spread,1980.4426817066676,True,ETN-PH
2024-11-06,2024-11-19,long_spread,2018.7428384237614,True,ETN-PH
2025-01-03,2025-01-06,short_spread,-797.2825073860242,False,ETN-PH
2025-01-07,2025-01-14,short_spread,1401.4327457067805,True,ETN-PH
2025-01-22,2025-01-27,short_spread,8087.236364058114,True,ETN-PH
2025-01-28,2025-02-26,long_spread,-2165.1564193890054,False,ETN-PH
2025-03-11,2025-03-12,short_spread,-1477.7634864535519,False,ETN-PH
2025-03-13,2025-03-25,short_spread,2260.0762494181445,True,ETN-PH
2025-06-16,2025-07-01,short_spread,623.6697755971958,True,ETN-PH
2025-07-17,2025-08-05,short_spread,2913.1210517067943,True,ETN-PH
2025-08-12,2025-08-13,long_spread,-1897.3849808286748,False,ETN-PH
2025-09-15,2025-10-03,short_spread,424.6645194072664,True,ETN-PH
2025-10-09,2025-10-10,short_spread,-730.497701667048,False,ETN-PH
2025-10-13,2025-10-21,short_spread,2544.2872925822385,True,ETN-PH
2025-11-06,2025-11-07,long_spread,-1714.1250455901343,False,ETN-PH
2025-11-11,2026-01-16,long_spread,-11122.32144777013,False,ETN-PH
2026-01-28,2026-02-05,short_spread,2925.9362342688896,True,ETN-PH
2026-02-11,2026-02-17,short_spread,1687.3644838183377,True,ETN-PH
2026-02-20,2026-03-05,long_spread,1634.0853326246117,True,ETN-PH
2026-03-13,2026-04-01,short_spread,793.1037828243111,True,ETN-PH
2026-04-21,2026-04-22,short_spread,-2373.2266083925556,False,ETN-PH
2026-04-23,2026-04-30,short_spread,-6893.9402978002445,False,ETN-PH
2026-05-01,2026-05-18,short_spread,4669.889241599672,True,ETN-PH
2026-06-02,2026-06-05,short_spread,7049.0695865371945,True,ETN-PH
2024-04-02,2024-04-09,long_spread,1865.4329626566596,True,ELV-ZTS
2024-04-12,2024-04-18,long_spread,3400.2603157336407,True,ELV-ZTS
2024-05-29,2024-05-31,long_spread,3370.44805023923,True,ELV-ZTS
2024-07-16,2024-07-17,short_spread,3567.695381914458,True,ELV-ZTS
2024-07-18,2024-07-26,long_spread,2508.3943776972596,True,ELV-ZTS
2024-09-03,2024-09-05,short_spread,1518.104497252646,True,ELV-ZTS
2024-09-16,2024-09-19,short_spread,1771.5578562736769,True,ELV-ZTS
2024-09-24,2024-09-25,long_spread,-1066.6822345806527,False,ELV-ZTS
2024-10-01,2024-10-14,long_spread,-511.1150976198553,False,ELV-ZTS
2024-10-17,2024-10-18,long_spread,-1228.2757390773113,False,ELV-ZTS
2024-10-21,2024-11-07,long_spread,-1121.0192486836286,False,ELV-ZTS
2024-11-15,2024-11-25,long_spread,1173.856064020578,True,ELV-ZTS
2024-12-06,2024-12-09,long_spread,1666.312189353427,True,ELV-ZTS
2024-12-16,2024-12-17,long_spread,-1426.451699883084,False,ELV-ZTS
2024-12-18,2025-01-06,long_spread,1299.4404647777008,True,ELV-ZTS
2025-01-13,2025-02-06,short_spread,-418.4196903863251,False,ELV-ZTS
2025-02-14,2025-02-25,long_spread,2750.523991764048,True,ELV-ZTS
2025-04-03,2025-04-04,short_spread,3577.8106170398005,True,ELV-ZTS
2025-04-21,2025-04-24,long_spread,3085.9340024118274,True,ELV-ZTS
2025-05-13,2025-05-14,long_spread,-848.82033577498,False,ELV-ZTS
2025-06-18,2025-06-30,long_spread,1523.7736903873713,True,ELV-ZTS
2025-07-02,2025-07-17,long_spread,-6455.154039640127,False,ELV-ZTS
2025-07-18,2025-08-08,long_spread,1690.8867125105392,True,ELV-ZTS
2025-08-15,2025-09-04,short_spread,263.5281636727839,True,ELV-ZTS
2025-09-15,2025-09-18,long_spread,1070.5545586104322,True,ELV-ZTS
2025-10-01,2025-10-02,short_spread,-811.2987269038027,False,ELV-ZTS
2025-10-03,2025-10-22,short_spread,472.94562188669767,True,ELV-ZTS
2025-10-29,2025-10-30,long_spread,-1606.619944342848,False,ELV-ZTS
2025-10-31,2025-11-04,long_spread,-2598.5962459399257,False,ELV-ZTS
2025-11-05,2025-11-21,long_spread,578.1672334463515,True,ELV-ZTS
2025-12-11,2025-12-19,short_spread,1566.7276050010037,True,ELV-ZTS
2026-01-06,2026-01-20,short_spread,1159.6026504341971,True,ELV-ZTS
2026-01-27,2026-02-13,long_spread,2854.610285676246,True,ELV-ZTS
2026-03-02,2026-03-03,long_spread,-1532.770963600807,False,ELV-ZTS
2026-03-04,2026-03-17,long_spread,110.78313529859349,True,ELV-ZTS
2026-04-07,2026-04-08,short_spread,-1126.7982748381223,False,ELV-ZTS
2026-04-09,2026-05-07,short_spread,-2204.1996505022403,False,ELV-ZTS
2026-06-04,2026-06-05,short_spread,-725.7563446705968,False,ELV-ZTS
2026-06-08,2026-06-09,short_spread,-1193.737915620698,False,ELV-ZTS
2024-03-14,2024-03-20,long_spread,708.8295250792048,True,KMI-TRGP
2024-04-15,2024-04-16,long_spread,-1023.9894529192225,False,KMI-TRGP
2024-04-19,2024-04-26,short_spread,1325.2663280721636,True,KMI-TRGP
2024-07-01,2024-07-10,long_spread,569.4806575749903,True,KMI-TRGP
2024-07-17,2024-07-18,short_spread,-1458.3912093463296,False,KMI-TRGP
2024-07-19,2024-07-22,short_spread,-1089.9704647468527,False,KMI-TRGP
2024-07-23,2024-08-02,short_spread,1106.8263825429644,True,KMI-TRGP
2024-09-06,2024-09-11,long_spread,-743.0735410722893,False,KMI-TRGP
2024-09-12,2024-09-17,long_spread,812.9024829927943,True,KMI-TRGP
2024-09-30,2024-10-01,short_spread,-1337.3350235227178,False,KMI-TRGP
2024-10-02,2024-10-29,short_spread,-3576.4761617008153,False,KMI-TRGP
2024-11-11,2024-12-03,short_spread,-234.6271204228193,False,KMI-TRGP
2024-12-20,2025-01-10,short_spread,-1058.6666538286704,False,KMI-TRGP
2025-01-21,2025-01-27,short_spread,9093.380596192414,True,KMI-TRGP
2025-01-28,2025-02-24,long_spread,-2005.2387412871292,False,KMI-TRGP
2025-04-15,2025-04-21,short_spread,4179.051484863309,True,KMI-TRGP
2025-05-02,2025-06-06,short_spread,-3768.820857959171,False,KMI-TRGP
2025-06-13,2025-06-20,long_spread,2130.276245400253,True,KMI-TRGP
2025-07-31,2025-08-06,short_spread,3862.2495910552434,True,KMI-TRGP
2025-09-10,2025-09-11,short_spread,-468.34441658961845,False,KMI-TRGP
2025-09-12,2025-09-22,short_spread,1010.9203969878954,True,KMI-TRGP
2025-09-29,2025-10-08,short_spread,507.9801602313059,True,KMI-TRGP
2025-10-23,2025-10-24,long_spread,-912.3993752932774,False,KMI-TRGP
2025-12-10,2025-12-23,long_spread,2066.7321153190996,True,KMI-TRGP
2026-01-21,2026-01-22,short_spread,-4041.344484662222,False,KMI-TRGP
2026-01-23,2026-03-10,short_spread,-4117.174162285944,False,KMI-TRGP
2026-03-18,2026-03-19,long_spread,1553.1025503745277,True,KMI-TRGP
2026-03-31,2026-04-01,long_spread,-1292.5632798270085,False,KMI-TRGP
2026-04-13,2026-04-20,long_spread,1413.786498344307,True,KMI-TRGP
2026-04-27,2026-05-11,long_spread,2636.496394687906,True,KMI-TRGP
2026-05-29,2026-06-01,long_spread,-2092.7184734921884,False,KMI-TRGP
2026-06-26,2026-06-29,short_spread,2943.021276285916,True,KMI-TRGP
2024-03-04,2024-03-06,short_spread,2218.384131084122,True,MS-BK
2024-03-13,2024-04-11,short_spread,1187.6294475715858,True,MS-BK
2024-04-12,2024-04-16,long_spread,1911.2496796474647,True,MS-BK
2024-05-09,2024-05-24,short_spread,-148.93353424262,False,MS-BK
2024-06-10,2024-06-17,long_spread,1579.4926224434973,True,MS-BK
2024-07-08,2024-07-12,short_spread,870.1389516207273,True,MS-BK
2024-08-02,2024-08-05,long_spread,-1103.8417152907377,False,MS-BK
2024-08-06,2024-08-14,long_spread,2111.411081276377,True,MS-BK
2024-09-06,2024-09-20,long_spread,-62.876780568796335,False,MS-BK
2024-10-04,2024-10-16,short_spread,-3149.0282004123883,False,MS-BK
2024-10-17,2024-11-06,short_spread,-6244.291376383257,False,MS-BK
2024-11-07,2024-11-25,short_spread,-903.1849136938948,False,MS-BK
2025-01-16,2025-01-27,short_spread,1633.4555886471144,True,MS-BK
2025-02-20,2025-02-21,long_spread,-1563.0491168125068,False,MS-BK
2025-02-24,2025-03-18,long_spread,-3296.6081666640666,False,MS-BK
2025-05-12,2025-05-20,short_spread,407.7724165706138,True,MS-BK
2025-06-23,2025-06-25,short_spread,-1882.090331153264,False,MS-BK
2025-06-26,2025-07-11,short_spread,529.4003528635903,True,MS-BK
2025-08-13,2025-08-21,short_spread,1675.1869840155578,True,MS-BK
2025-09-09,2025-09-10,short_spread,-1599.077429981216,False,MS-BK
2025-09-11,2025-09-25,short_spread,427.5236927195242,True,MS-BK
2025-10-10,2025-10-15,long_spread,2987.4788078588426,True,MS-BK
2025-10-24,2025-11-06,short_spread,38.08957747177692,True,MS-BK
2025-12-03,2025-12-18,short_spread,931.0757515374839,True,MS-BK
2026-01-02,2026-01-13,short_spread,2567.495886360809,True,MS-BK
2026-01-14,2026-01-15,long_spread,5558.425306641627,True,MS-BK
2026-02-05,2026-02-18,long_spread,735.5618224009784,True,MS-BK
2026-03-12,2026-03-20,long_spread,4723.315341721322,True,MS-BK
2026-04-13,2026-04-15,short_spread,-4186.188519092359,False,MS-BK
2026-05-08,2026-05-15,short_spread,2569.54899868258,True,MS-BK
2026-05-29,2026-06-02,short_spread,-2922.4588119857794,False,MS-BK
2026-06-04,2026-06-10,short_spread,3490.3222338654923,True,MS-BK
2024-02-06,2024-02-12,long_spread,1957.970780660383,True,USB-PNC
2024-04-17,2024-04-22,long_spread,-2695.2077967859277,False,USB-PNC
2024-04-23,2024-05-01,long_spread,2334.6286901227263,True,USB-PNC
2024-05-16,2024-05-23,long_spread,1558.7391281558944,True,USB-PNC
2024-06-04,2024-06-11,long_spread,1227.702850659989,True,USB-PNC
2024-06-25,2024-06-28,short_spread,1734.979434956121,True,USB-PNC
2024-07-09,2024-07-16,long_spread,-4125.8831345898325,False,USB-PNC
2024-09-09,2024-09-10,long_spread,1761.6122450553855,True,USB-PNC
2024-09-12,2024-09-13,long_spread,1661.0966905542518,True,USB-PNC
2024-09-16,2024-09-27,long_spread,2.0263424712530593,True,USB-PNC
2024-10-15,2024-10-16,long_spread,5222.066351853466,True,USB-PNC
2024-10-17,2024-10-28,short_spread,3493.3431603929803,True,USB-PNC
2024-11-07,2024-11-20,long_spread,1814.1138785567675,True,USB-PNC
2024-12-16,2024-12-18,short_spread,2324.668191478996,True,USB-PNC
2025-01-10,2025-01-15,short_spread,489.9905346066455,True,USB-PNC
2025-01-16,2025-01-17,long_spread,-964.0513224969949,False,USB-PNC
2025-01-28,2025-02-11,long_spread,-573.1237093843656,False,USB-PNC
2025-04-04,2025-04-08,short_spread,-1559.8381550670408,False,USB-PNC
2025-04-10,2025-04-29,short_spread,-872.9945255169433,False,USB-PNC
2025-05-12,2025-05-13,long_spread,-1238.0919557447287,False,USB-PNC
2025-05-14,2025-05-23,long_spread,889.626440588781,True,USB-PNC
2025-06-16,2025-06-20,long_spread,-1549.8819273455124,False,USB-PNC
2025-06-23,2025-07-17,long_spread,-8346.19146057888,False,USB-PNC
2025-07-18,2025-07-28,long_spread,2380.82538786492,True,USB-PNC
2025-08-27,2025-09-05,long_spread,881.3901648384322,True,USB-PNC
2025-09-09,2025-09-16,short_spread,2311.1332020959794,True,USB-PNC
2025-10-06,2025-10-07,short_spread,-1093.5358553294768,False,USB-PNC
2025-10-08,2025-10-31,short_spread,-3755.5838069933625,False,USB-PNC
2025-11-24,2025-11-28,long_spread,1172.6226247406798,True,USB-PNC
2025-12-09,2025-12-11,long_spread,-2225.864711973657,False,USB-PNC
2025-12-12,2025-12-18,long_spread,1449.7512812811947,True,USB-PNC
2026-01-15,2026-01-16,long_spread,-5077.484291875055,False,USB-PNC
2026-01-20,2026-01-23,long_spread,3319.106213162072,True,USB-PNC
2026-02-26,2026-02-27,short_spread,-1632.2627791581695,False,USB-PNC
2026-04-20,2026-04-21,long_spread,-1539.3550799962147,False,USB-PNC
2026-05-27,2026-06-15,long_spread,59.23760982644899,True,USB-PNC
2024-02-06,2024-02-07,long_spread,-659.3105301586065,False,KR-DLTR
2024-02-29,2024-03-07,short_spread,-5101.162141540504,False,KR-DLTR
2024-03-08,2024-04-08,short_spread,-1838.093970279599,False,KR-DLTR
2024-04-22,2024-04-23,short_spread,1204.7070087383602,True,KR-DLTR
2024-05-24,2024-05-28,long_spread,-440.2066586278266,False,KR-DLTR
2024-05-29,2024-06-17,long_spread,-255.49041952430684,False,KR-DLTR
2024-07-10,2024-08-12,short_spread,-1316.2620524014164,False,KR-DLTR
2024-08-20,2024-08-26,long_spread,902.1649303577439,True,KR-DLTR
2024-09-03,2024-09-04,short_spread,-1874.4427029016133,False,KR-DLTR
2024-09-05,2024-10-03,short_spread,-2104.0416947784383,False,KR-DLTR
2024-10-23,2024-10-29,short_spread,1241.6121652047686,True,KR-DLTR
2024-11-06,2024-11-15,short_spread,1483.3621457205186,True,KR-DLTR
2024-12-09,2024-12-10,long_spread,2535.151631909422,True,KR-DLTR
2024-12-12,2024-12-23,short_spread,2433.600104231258,True,KR-DLTR
2025-01-08,2025-01-27,long_spread,1037.6441885636004,True,KR-DLTR
2025-02-03,2025-02-04,short_spread,-390.677261023358,False,KR-DLTR
2025-02-05,2025-02-20,short_spread,811.0345925488034,True,KR-DLTR
2025-03-05,2025-03-06,long_spread,1202.5477384315761,True,KR-DLTR
2025-03-07,2025-03-10,short_spread,-1238.9158371251767,False,KR-DLTR
2025-04-03,2025-04-07,short_spread,4576.2685260224835,True,KR-DLTR
2025-04-21,2025-04-25,short_spread,2171.732353623649,True,KR-DLTR
2025-05-12,2025-05-13,long_spread,-1174.6593479983035,False,KR-DLTR
2025-05-14,2025-06-20,long_spread,4028.2560773348273,True,KR-DLTR
2025-06-23,2025-07-02,short_spread,3740.077809114529,True,KR-DLTR
2025-07-28,2025-08-01,long_spread,1895.098213051809,True,KR-DLTR
2025-09-22,2025-09-29,long_spread,1739.6535712432642,True,KR-DLTR
2025-10-08,2025-10-21,short_spread,1684.762173007145,True,KR-DLTR
2025-10-29,2025-10-31,long_spread,-2128.8717421820943,False,KR-DLTR
2025-11-03,2025-11-13,long_spread,2027.0576138969516,True,KR-DLTR
2025-12-04,2025-12-05,long_spread,-1280.3431557495508,False,KR-DLTR
2025-12-10,2025-12-24,long_spread,1767.864850515007,True,KR-DLTR
2026-01-06,2026-01-07,long_spread,-2187.528247235767,False,KR-DLTR
2026-01-08,2026-01-16,long_spread,2162.016976300358,True,KR-DLTR
2026-02-04,2026-02-19,short_spread,142.2737769321791,True,KR-DLTR
2026-03-05,2026-03-06,short_spread,-2566.708446085313,False,KR-DLTR
2026-03-09,2026-03-24,short_spread,226.75639210426584,True,KR-DLTR
2026-04-10,2026-04-23,long_spread,639.3901128680895,True,KR-DLTR
2026-05-18,2026-05-19,short_spread,-2379.042119341958,False,KR-DLTR
2026-05-28,2026-05-29,long_spread,-1959.0301230438427,False,KR-DLTR
2026-06-01,2026-06-10,long_spread,2847.7634081551237,True,KR-DLTR
2024-02-27,2024-02-28,short_spread,-798.2453162946236,False,TGT-AZO
2024-02-29,2024-04-04,short_spread,-4277.012042234325,False,TGT-AZO
2024-04-12,2024-04-15,long_spread,-1099.3569397211581,False,TGT-AZO
2024-04-16,2024-04-29,long_spread,1533.9938516463524,True,TGT-AZO
2024-05-21,2024-05-22,long_spread,-2726.1795986570874,False,TGT-AZO
2024-05-23,2024-06-11,long_spread,856.5100380527881,True,TGT-AZO
2024-06-18,2024-06-20,short_spread,-737.0857637569668,False,TGT-AZO
2024-06-21,2024-07-01,short_spread,2652.6609772714364,True,TGT-AZO
2024-08-21,2024-09-03,short_spread,2238.7411186712916,True,TGT-AZO
2024-09-26,2024-10-02,short_spread,2640.396324198799,True,TGT-AZO
2024-11-20,2024-11-27,long_spread,3666.809294589766,True,TGT-AZO
2025-01-23,2025-02-07,short_spread,236.64311769726578,True,TGT-AZO
2025-02-21,2025-02-28,long_spread,2060.8040172043916,True,TGT-AZO
2025-03-10,2025-03-11,short_spread,2300.08296398785,True,TGT-AZO
2025-03-27,2025-04-03,short_spread,2074.0992042858265,True,TGT-AZO
2025-04-07,2025-04-14,long_spread,3393.044660740047,True,TGT-AZO
2025-05-19,2025-05-27,short_spread,3218.6329581419704,True,TGT-AZO
2025-06-25,2025-06-27,long_spread,2421.0084553050638,True,TGT-AZO
2025-08-04,2025-08-06,short_spread,-2552.8555163171877,False,TGT-AZO
2025-08-07,2025-09-02,short_spread,131.50940254153227,True,TGT-AZO
2025-09-11,2025-09-15,short_spread,2533.9075828608193,True,TGT-AZO
2025-09-18,2025-09-26,long_spread,874.5960606005068,True,TGT-AZO
2025-10-09,2025-11-11,long_spread,-2953.4374707792635,False,TGT-AZO
2025-11-26,2025-12-02,short_spread,2246.5799802404367,True,TGT-AZO
2025-12-09,2025-12-10,long_spread,-1005.5096674373692,False,TGT-AZO
2026-01-12,2026-02-05,short_spread,-2064.316517667004,False,TGT-AZO
2026-02-13,2026-02-25,short_spread,2967.2973903861393,True,TGT-AZO
2026-03-12,2026-03-16,long_spread,-1765.0711831961403,False,TGT-AZO
2026-03-17,2026-03-18,long_spread,-1501.0695633405744,False,TGT-AZO
2026-03-19,2026-03-31,long_spread,1773.565496768526,True,TGT-AZO
2026-04-17,2026-04-29,short_spread,837.6567170319854,True,TGT-AZO
2026-05-11,2026-05-21,long_spread,1721.2456878957998,True,TGT-AZO
2026-05-26,2026-06-09,long_spread,853.7331066051933,True,TGT-AZO
2024-02-06,2024-02-09,short_spread,1217.3053778924266,True,PNC-FITB
2024-02-27,2024-03-06,long_spread,-2878.9317576567455,False,PNC-FITB
2024-03-07,2024-03-15,long_spread,1679.2840496851459,True,PNC-FITB
2024-04-19,2024-05-15,long_spread,-1643.2022228479302,False,PNC-FITB
2024-06-04,2024-06-21,short_spread,63.03319126132777,True,PNC-FITB
2024-07-08,2024-07-09,short_spread,-2161.497422095767,False,PNC-FITB
2024-07-10,2024-07-19,short_spread,2373.406222921361,True,PNC-FITB
2024-08-05,2024-08-15,long_spread,1642.5419227773773,True,PNC-FITB
2024-08-29,2024-09-11,short_spread,736.9890007077994,True,PNC-FITB
2024-10-17,2024-10-18,long_spread,1960.6638797828434,True,PNC-FITB
2024-11-06,2024-11-21,short_spread,-217.30766113880725,False,PNC-FITB
2025-01-03,2025-01-17,short_spread,1959.1906504665012,True,PNC-FITB
2025-01-21,2025-01-23,long_spread,1814.9751496240553,True,PNC-FITB
2025-02-14,2025-03-05,long_spread,496.52325373378835,True,PNC-FITB
2025-04-15,2025-04-17,long_spread,1283.3610666139462,True,PNC-FITB
2025-05-13,2025-05-15,short_spread,-1488.841521600673,False,PNC-FITB
2025-07-17,2025-07-29,short_spread,1548.0922983385703,True,PNC-FITB
2025-09-09,2025-09-11,long_spread,1672.216035696496,True,PNC-FITB
2025-10-07,2025-10-08,long_spread,-2495.424572899584,False,PNC-FITB
2025-10-09,2025-10-16,long_spread,2008.4016547076772,True,PNC-FITB
2025-11-19,2025-12-04,short_spread,213.64228670473415,True,PNC-FITB
2025-12-09,2025-12-10,short_spread,2966.1260764056597,True,PNC-FITB
2026-01-14,2026-01-16,long_spread,5504.639612297939,True,PNC-FITB
2026-01-21,2026-01-22,long_spread,2758.655618534614,True,PNC-FITB
2026-01-29,2026-02-02,short_spread,3519.542762046578,True,PNC-FITB
2026-03-11,2026-03-12,short_spread,-2505.855921752721,False,PNC-FITB
2026-03-13,2026-03-23,short_spread,3286.0587398020198,True,PNC-FITB
2026-06-12,2026-06-16,long_spread,1167.3268713644602,True,PNC-FITB
2024-02-15,2024-03-01,long_spread,-57.227002480052874,False,DE-LMT
2024-03-15,2024-04-12,short_spread,-1068.2714779737132,False,DE-LMT
2024-05-15,2024-05-16,short_spread,2137.255005778137,True,DE-LMT
2024-05-23,2024-06-12,long_spread,-868.585529535419,False,DE-LMT
2024-07-09,2024-07-12,long_spread,1588.4615759226704,True,DE-LMT
2024-07-30,2024-08-15,long_spread,-1085.8680189009187,False,DE-LMT
2024-09-13,2024-09-17,short_spread,-611.9400646778943,False,DE-LMT
2024-09-18,2024-09-19,short_spread,-1094.7040713341194,False,DE-LMT
2024-10-28,2024-11-08,short_spread,2442.7218417389927,True,DE-LMT
2024-11-21,2024-11-22,short_spread,-1126.6441244372552,False,DE-LMT
2024-11-25,2024-12-10,short_spread,1712.0710883983597,True,DE-LMT
2025-01-02,2025-01-13,long_spread,1178.5486104277234,True,DE-LMT
2025-01-17,2025-01-23,short_spread,-1935.6831538661604,False,DE-LMT
2025-01-24,2025-02-18,short_spread,-6224.244602886867,False,DE-LMT
2025-02-19,2025-02-25,short_spread,3146.6448327839353,True,DE-LMT
2025-04-03,2025-04-04,long_spread,-922.2389030558999,False,DE-LMT
2025-04-07,2025-04-08,long_spread,-1927.7392159171263,False,DE-LMT
2025-05-01,2025-05-27,short_spread,-3526.615088495447,False,DE-LMT
2025-07-17,2025-07-22,long_spread,3697.3981493206916,True,DE-LMT
2025-07-23,2025-08-01,short_spread,1591.9782737535807,True,DE-LMT
2025-08-14,2025-10-16,long_spread,-5516.967939330692,False,DE-LMT
2025-10-24,2025-10-31,short_spread,1504.5187258417784,True,DE-LMT
2025-11-25,2025-11-26,short_spread,3217.0319035519124,True,DE-LMT
2026-01-05,2026-01-06,long_spread,1609.1129965939303,True,DE-LMT
2026-01-21,2026-01-23,short_spread,1848.739398958457,True,DE-LMT
2026-02-04,2026-03-02,short_spread,-3337.2094053799055,False,DE-LMT
2026-04-08,2026-04-09,short_spread,-1393.204598153002,False,DE-LMT
2026-04-23,2026-05-13,short_spread,642.4345796485205,True,DE-LMT
2026-05-21,2026-05-22,long_spread,-936.8691844598882,False,DE-LMT
2026-05-26,2026-06-02,long_spread,6501.245479897507,True,DE-LMT
