Date,close,volume
2021-07-02,284.9376220703125,2201600
2021-07-06,281.9001770019531,3109500
2021-07-07,285.6263732910156,2939900
2021-07-08,281.26446533203125,3663000
2021-07-09,284.3990478515625,2587400
2021-07-12,284.0899353027344,2521800
2021-07-13,279.94879150390625,3213800
2021-07-14,281.8648376464844,3381600
2021-07-15,284.94647216796875,2603900
2021-07-16,283.9134216308594,3623700
2021-07-19,281.5557861328125,3752600
2021-07-20,287.27752685546875,4251700
2021-07-21,288.1694030761719,2832600
2021-07-22,288.4342956542969,2208100
2021-07-23,293.89105224609375,2786400
2021-07-26,292.4253234863281,2752000
2021-07-27,288.9640808105469,2910300
2021-07-28,287.42767333984375,2376200
2021-07-29,289.1141662597656,2172400
2021-07-30,289.7852478027344,2381200
2021-08-02,288.9287109375,2016400
2021-08-03,293.096435546875,2405900
2021-08-04,291.6571350097656,1783700
2021-08-05,294.1294250488281,2284000
2021-08-06,291.2420959472656,2656600
2021-08-09,290.28851318359375,1995300
2021-08-10,292.690185546875,1868100
2021-08-11,297.564208984375,3258600
2021-08-12,294.9330139160156,2554200
2021-08-13,292.5489196777344,2217000
2021-08-16,295.8424377441406,3496300
2021-08-17,283.21588134765625,9322800
2021-08-18,283.9222106933594,4880600
2021-08-19,285.1142578125,2974700
2021-08-20,290.7123107910156,2929900
2021-08-23,289.3878173828125,2792700
2021-08-24,286.8802185058594,2359500
2021-08-25,285.9795837402344,2586900
2021-08-26,283.86041259765625,2952300
2021-08-27,285.5380554199219,2985400
2021-08-30,288.8227844238281,2926900
2021-08-31,288.0103759765625,4183100
2021-09-01,287.2205505371094,3339100
2021-09-02,290.8591613769531,3109000
2021-09-03,293.1666259765625,2774800
2021-09-07,291.9330139160156,2555200
2021-09-08,294.2670593261719,2219500
2021-09-09,294.4356994628906,3011900
2021-09-10,294.59552001953125,3178600
2021-09-13,297.70159912109375,3908700
2021-09-14,295.6337585449219,2857200
2021-09-15,295.8556213378906,2875500
2021-09-16,298.5357666015625,3043800
2021-09-17,297.8968505859375,7098400
2021-09-20,293.93865966796875,4036600
2021-09-21,296.6099548339844,3171100
2021-09-22,298.1275634765625,2872800
2021-09-23,298.1098327636719,2426600
2021-09-24,299.5120544433594,2004900
2021-09-27,302.9908447265625,2966100
2021-09-28,296.2372741699219,3304100
2021-09-29,299.0150146484375,2424000
2021-09-30,291.3206481933594,4255000
2021-10-01,292.74066162109375,2814200
2021-10-04,289.7321472167969,2919900
2021-10-05,292.4033508300781,2514300
2021-10-06,293.18438720703125,2226800
2021-10-07,299.5031433105469,2789500
2021-10-08,296.7165222167969,2912200
2021-10-11,299.05047607421875,2589100
2021-10-12,299.787109375,2960300
2021-10-13,300.21307373046875,2477400
2021-10-14,305.33380126953125,2824300
2021-10-15,310.97808837890625,3473500
2021-10-18,315.0605163574219,3487500
2021-10-19,317.70513916015625,2375600
2021-10-20,317.9181213378906,2574800
2021-10-21,323.58905029296875,2885400
2021-10-22,324.8049011230469,2734700
2021-10-25,329.4818420410156,2923400
2021-10-26,327.6536560058594,2989500
2021-10-27,330.422607421875,2840300
2021-10-28,329.75701904296875,2553500
2021-10-29,329.9078369140625,3820200
2021-11-01,325.23974609375,3380500
2021-11-02,325.9586486816406,2367100
2021-11-03,327.44952392578125,2378800
2021-11-04,330.2982177734375,3210000
2021-11-05,326.9437255859375,3090200
2021-11-08,327.1122741699219,2357200
2021-11-09,328.9405212402344,2183300
2021-11-10,327.1034240722656,2161400
2021-11-11,326.2603759765625,2387300
2021-11-12,330.6976623535156,2793300
2021-11-15,329.3220520019531,3650600
2021-11-16,348.18084716796875,8648200
2021-11-17,350.4172668457031,4647000
2021-11-18,360.17938232421875,4503700
2021-11-19,362.6998596191406,3542000
2021-11-22,362.78851318359375,4006400
2021-11-23,362.4158020019531,3557000
2021-11-24,365.7349853515625,2676300
2021-11-26,357.3839111328125,3007800
2021-11-29,361.040283203125,3725500
2021-11-30,355.52911376953125,7773500
2021-12-01,356.8302001953125,3516200
2021-12-02,363.37994384765625,3705000
2021-12-03,363.4156799316406,5237500
2021-12-06,370.4468078613281,4624500
2021-12-07,370.87451171875,4204500
2021-12-08,366.4810791015625,4079400
2021-12-09,366.5613098144531,3822900
2021-12-10,370.179443359375,2625200
2021-12-13,361.1254577636719,3766400
2021-12-14,358.4163513183594,4662800
2021-12-15,363.4156799316406,4421400
2021-12-16,356.0370178222656,4632800
2021-12-17,345.74432373046875,11097500
2021-12-20,347.0097961425781,4294800
2021-12-21,347.9632873535156,3038200
2021-12-22,352.5704650878906,3267800
2021-12-23,353.8448181152344,2743900
2021-12-27,360.1006164550781,2228300
2021-12-28,361.99871826171875,2521400
2021-12-29,366.1158142089844,2209300
2021-12-30,365.3138122558594,1804400
2021-12-31,369.8318176269531,2386100
2022-01-03,364.15533447265625,3715700
2022-01-04,367.8980712890625,3266500
2022-01-05,362.90771484375,4443200
2022-01-06,361.58880615234375,3315100
2022-01-07,350.761474609375,4520700
2022-01-10,345.2809753417969,6440000
2022-01-11,344.57696533203125,4385400
2022-01-12,347.0097961425781,3623300
2022-01-13,344.85321044921875,3466300
2022-01-14,331.5039367675781,6336200
2022-01-18,326.79876708984375,6435200
2022-01-19,320.533935546875,5175100
2022-01-20,311.5246276855469,5440600
2022-01-21,311.0968322753906,7718400
2022-01-24,324.2054748535156,8584300
2022-01-25,319.90130615234375,5536700
2022-01-26,318.3863830566406,6103300
2022-01-27,317.6289367675781,3941000
2022-01-28,326.6383361816406,4551300
2022-01-31,327.0304260253906,4084600
2022-02-01,328.5632019042969,3406800
2022-02-02,333.0456237792969,3839300
2022-02-03,325.0966796875,4009700
2022-02-04,320.5162048339844,3728100
2022-02-07,318.4487609863281,2809300
2022-02-08,322.0935974121094,3225100
2022-02-09,324.70458984375,2777500
2022-02-10,316.43475341796875,4291800
2022-02-11,312.1573181152344,3308700
2022-02-14,313.2890319824219,3654300
2022-02-15,314.80401611328125,3552500
2022-02-16,311.97906494140625,3594900
2022-02-17,310.0630798339844,3927000
2022-02-18,309.1095886230469,5526100
2022-02-22,281.75164794921875,19752800
2022-02-23,274.8720703125,11026000
2022-02-24,279.14056396484375,8416700
2022-02-25,282.1793518066406,6510600
2022-02-28,281.4486999511719,5735100
2022-03-01,285.3874816894531,5640900
2022-03-02,291.732421875,5645600
2022-03-03,289.05010986328125,3858400
2022-03-04,288.9609375,3630900
2022-03-07,287.6331481933594,4670000
2022-03-08,282.25958251953125,5092500
2022-03-09,284.37542724609375,4443600
2022-03-10,285.0387878417969,3895200
2022-03-11,284.0077819824219,2973300
2022-03-14,285.4153137207031,3604200
2022-03-15,294.5419006347656,3775300
2022-03-16,296.6666259765625,3942400
2022-03-17,301.5526428222656,3123200
2022-03-18,305.4794006347656,9409600
2022-03-21,295.2859802246094,4521200
2022-03-22,295.6087341308594,4852800
2022-03-23,284.2409362792969,5207700
2022-03-24,283.10223388671875,4599900
2022-03-25,278.5299987792969,5176500
2022-03-28,281.7575378417969,3936600
2022-03-29,284.8326110839844,5306100
2022-03-30,276.539794921875,7223800
2022-03-31,268.3546142578125,11044600
2022-04-01,270.64971923828125,5554600
2022-04-04,273.9577331542969,4659500
2022-04-05,273.31231689453125,4376100
2022-04-06,267.6462707519531,6499900
2022-04-07,271.42071533203125,5241000
2022-04-08,278.9154968261719,5741900
2022-04-11,274.9798583984375,4100600
2022-04-12,274.5943603515625,4122600
2022-04-13,278.2970275878906,3185300
2022-04-14,273.00750732421875,4569200
2022-04-18,269.1435241699219,3192400
2022-04-19,275.9481201171875,3389700
2022-04-20,282.52850341796875,4720800
2022-04-21,278.2431335449219,3014200
2022-04-22,269.0538635253906,4043200
2022-04-25,273.384033203125,4396900
2022-04-26,268.91937255859375,3415200
2022-04-27,270.3897705078125,3446200
2022-04-28,279.4982604980469,4149500
2022-04-29,269.31390380859375,4878200
2022-05-02,275.2039794921875,4233900
2022-05-03,273.4019470214844,3336600
2022-05-04,282.68096923828125,4021300
2022-05-05,268.15740966796875,4959600
2022-05-06,263.8541259765625,4325300
2022-05-09,266.2926025390625,5243600
2022-05-10,261.030029296875,4392900
2022-05-11,253.67864990234375,3880500
2022-05-12,259.71221923828125,4447700
2022-05-13,265.3961181640625,3949100
2022-05-16,265.3602294921875,4267900
2022-05-17,269.8070068359375,12425900
2022-05-18,255.66883850097656,7799500
2022-05-19,257.98187255859375,5211500
2022-05-20,257.4708557128906,5621800
2022-05-23,256.430908203125,4305600
2022-05-24,258.1253662109375,4241900
2022-05-25,263.19061279296875,4612900
2022-05-26,271.4744567871094,4170800
2022-05-27,276.539794921875,3899300
2022-05-31,271.42071533203125,5966600
2022-06-01,268.1186828613281,3080800
2022-06-02,275.9496154785156,4086400
2022-06-03,275.23687744140625,2956600
2022-06-06,274.163330078125,2562000
2022-06-07,272.25067138671875,3547800
2022-06-08,268.42547607421875,3003100
2022-06-09,270.5274658203125,4168400
2022-06-10,260.9463806152344,4623900
2022-06-13,255.4611053466797,4704600
2022-06-14,251.4103546142578,3987000
2022-06-15,252.3667449951172,4050400
2022-06-16,246.70999145507812,6181000
2022-06-17,244.24700927734375,10775600
2022-06-21,242.86671447753906,5498400
2022-06-22,242.6682586669922,4678400
2022-06-23,248.47836303710938,3747500
2022-06-24,255.31674194335938,10310700
2022-06-27,255.03709411621094,2538600
2022-06-28,243.72378540039062,4052100
2022-06-29,247.07986450195312,2460500
2022-06-30,247.44076538085938,4058000
2022-07-01,251.78025817871094,2818300
2022-07-05,255.9753875732422,3241300
2022-07-06,255.84002685546875,2206100
2022-07-07,258.64581298828125,3133900
2022-07-08,258.4474182128906,1891000
2022-07-11,258.37518310546875,2453200
2022-07-12,257.2294006347656,2696100
2022-07-13,259.087890625,2941600
2022-07-14,261.1629333496094,2822200
2022-07-15,263.8062744140625,2647200
2022-07-18,264.3836975097656,2664000
2022-07-19,270.5004577636719,2614900
2022-07-20,272.72882080078125,2533400
2022-07-21,275.1647644042969,1965000
2022-07-22,276.5992126464844,2391500
2022-07-25,276.2022399902344,1910500
2022-07-26,269.0118408203125,2690200
2022-07-27,269.6704406738281,3233700
2022-07-28,270.3200378417969,3992100
2022-07-29,271.5018615722656,3236000
2022-08-01,275.904541015625,3303900
2022-08-02,271.29437255859375,3091000
2022-08-03,276.4006652832031,3329400
2022-08-04,277.1224670410156,2718400
2022-08-05,279.39593505859375,2029100
2022-08-08,281.45294189453125,2505100
2022-08-09,275.3541259765625,2607000
2022-08-10,281.1011047363281,3863400
2022-08-11,280.298095703125,2444100
2022-08-12,284.0873107910156,2273800
2022-08-15,283.83465576171875,3917300
2022-08-16,295.3554992675781,10089800
2022-08-17,293.89398193359375,3162600
2022-08-18,293.39776611328125,2899600
2022-08-19,289.8882751464844,3489100
2022-08-22,281.66943359375,3144200
2022-08-23,276.87890625,3317500
2022-08-24,277.9704895019531,2495600
2022-08-25,279.4771728515625,2529700
2022-08-26,268.9396667480469,3315500
2022-08-29,267.33380126953125,2711800
2022-08-30,264.4288635253906,2892400
2022-08-31,261.9043884277344,4376200
2022-09-01,266.3993225097656,3742500
2022-09-02,265.0644226074219,2753600
2022-09-06,262.92144775390625,4110000
2022-09-07,270.12237548828125,3016000
2022-09-08,272.3289489746094,2703200
2022-09-09,272.2109680175781,2769200
2022-09-12,270.18597412109375,3632900
2022-09-13,252.37876892089844,4797200
2022-09-14,250.93499755859375,4194400
2022-09-15,246.5762481689453,3896100
2022-09-16,250.59893798828125,9535100
2022-09-19,254.63987731933594,3047200
2022-09-20,248.9644775390625,2940700
2022-09-21,246.6034393310547,3173500
2022-09-22,244.3968963623047,3515800
2022-09-23,246.03143310546875,3527900
2022-09-26,242.07220458984375,4181800
2022-09-27,243.98829650878906,3701000
2022-09-28,256.2471618652344,5816600
2022-09-29,252.741943359375,4518600
2022-09-30,250.5717010498047,4789100
2022-10-03,257.6182861328125,3580000
2022-10-04,262.9395751953125,3641300
2022-10-05,263.202880859375,2728000
2022-10-06,263.6932678222656,2641500
2022-10-07,258.1813049316406,2406000
2022-10-10,256.4923095703125,2115400
2022-10-11,256.88275146484375,2771900
2022-10-12,254.73060607910156,2258200
2022-10-13,256.8282775878906,3881600
2022-10-14,251.01670837402344,2783100
2022-10-17,255.40264892578125,3426700
2022-10-18,258.8532409667969,3166500
2022-10-19,250.16307067871094,4323000
2022-10-20,244.68743896484375,3959500
2022-10-21,250.19940185546875,3429100
2022-10-24,257.21881103515625,2937100
2022-10-25,263.5752258300781,2791600
2022-10-26,263.4753112792969,2615000
2022-10-27,264.30169677734375,3041500
2022-10-28,271.19384765625,3243100
2022-10-31,268.9056396484375,4210900
2022-11-01,268.84197998046875,3309100
2022-11-02,262.1859130859375,4426400
2022-11-03,255.62054443359375,4823900
2022-11-04,257.9179992675781,4401600
2022-11-07,263.5842590332031,3260200
2022-11-08,264.3742980957031,3371800
2022-11-09,260.3879089355469,3071400
2022-11-10,283.04412841796875,7794000
2022-11-11,285.9862365722656,4945400
2022-11-14,278.7036437988281,6394800
2022-11-15,283.2529602050781,9290400
2022-11-16,285.9590759277344,5249500
2022-11-17,282.80804443359375,3642100
2022-11-18,284.38812255859375,3559300
2022-11-21,287.6571044921875,4069000
2022-11-22,295.0125427246094,6054700
2022-11-23,291.9523010253906,4243400
2022-11-25,296.37457275390625,3393500
2022-11-28,289.60040283203125,4733700
2022-11-29,286.9124755859375,3505600
2022-11-30,295.984130859375,15106500
2022-12-01,298.7978820800781,3830100
2022-12-02,299.6383361816406,3644100
2022-12-05,292.4121398925781,5057300
2022-12-06,290.0094909667969,3341500
2022-12-07,292.47607421875,4038200
2022-12-08,296.07550048828125,3483600
2022-12-09,292.777587890625,3738800
2022-12-12,299.6292419433594,4900200
2022-12-13,304.1148376464844,5787700
2022-12-14,304.6081237792969,4546000
2022-12-15,299.2821044921875,5056900
2022-12-16,295.3903503417969,9615000
2022-12-19,289.8998107910156,3000600
2022-12-20,287.6250915527344,2632200
2022-12-21,291.7543640136719,2610400
2022-12-22,288.79443359375,3064400
2022-12-23,291.1788330078125,2064900
2022-12-27,291.92791748046875,1610200
2022-12-28,288.43817138671875,1568200
2022-12-29,292.7135925292969,1559100
2022-12-30,288.556884765625,2581600
2023-01-03,288.6025390625,2822400
2023-01-04,292.0924377441406,3560900
2023-01-05,288.20062255859375,2935100
2023-01-06,290.0824890136719,4022500
2023-01-09,290.3383483886719,3466300
2023-01-10,292.9145812988281,2111300
2023-01-11,300.5610656738281,2864800
2023-01-12,301.3558654785156,2481800
2023-01-13,302.58001708984375,2798600
2023-01-17,299.2181396484375,3988900
2023-01-18,295.7101135253906,2952200
2023-01-19,284.00738525390625,5359300
2023-01-20,287.7713317871094,3725100
2023-01-23,288.2097473144531,3237900
2023-01-24,290.228759765625,2127900
2023-01-25,289.83587646484375,2060400
2023-01-26,286.6841125488281,3555300
2023-01-27,289.31512451171875,2761200
2023-01-30,287.0769348144531,2643100
2023-01-31,296.1485900878906,3526800
2023-02-01,299.7297668457031,3076500
2023-02-02,310.4183654785156,4776600
2023-02-03,302.8449401855469,3389700
2023-02-06,300.8077392578125,2229700
2023-02-07,297.0895690917969,3865500
2023-02-08,293.060791015625,2777200
2023-02-09,288.273681640625,3063300
2023-02-10,289.17816162109375,2768800
2023-02-13,295.5638732910156,2432500
2023-02-14,290.9047546386719,3380800
2023-02-15,292.96942138671875,2585500
2023-02-16,293.4718933105469,3169200
2023-02-17,290.46624755859375,4985500
2023-02-21,269.9568786621094,10891800
2023-02-22,270.68768310546875,5922100
2023-02-23,273.4375,4354500
2023-02-24,271.01654052734375,3713300
2023-02-27,270.4227294921875,3238300
2023-02-28,270.9069519042969,3949500
2023-03-01,265.6539001464844,5905100
2023-03-02,267.691162109375,4103700
2023-03-03,272.6518249511719,4036700
2023-03-06,272.4325866699219,3763200
2023-03-07,265.57177734375,4512400
2023-03-08,268.2218322753906,4680300
2023-03-09,265.01043701171875,3248000
2023-03-10,263.455322265625,4730900
2023-03-13,263.6485290527344,3892100
2023-03-14,262.7744445800781,5116000
2023-03-15,264.9828186035156,4835500
2023-03-16,263.841796875,4400200
2023-03-17,265.3692932128906,8342000
2023-03-20,266.1698303222656,3677800
2023-03-21,266.3262634277344,4788200
2023-03-22,260.0506591796875,3723400
2023-03-23,261.24688720703125,6005800
2023-03-24,260.42791748046875,3851000
2023-03-27,258.8175964355469,4269700
2023-03-28,258.403564453125,3633300
2023-03-29,260.7408142089844,3607500
2023-03-30,262.5811767578125,3432800
2023-03-31,271.5621032714844,5800600
2023-04-03,273.9637451171875,4007600
2023-04-04,271.4148254394531,2965700
2023-04-05,265.626953125,4002400
2023-04-06,265.57171630859375,3193400
2023-04-10,267.9273681640625,2799900
2023-04-11,270.3198547363281,2497000
2023-04-12,267.25567626953125,3341400
2023-04-13,268.8291931152344,3505800
2023-04-14,268.8659973144531,2653200
2023-04-17,271.81976318359375,2621900
2023-04-18,275.0864562988281,2847800
2023-04-19,273.209228515625,2889300
2023-04-20,274.7366638183594,3371800
2023-04-21,276.08935546875,3506700
2023-04-24,277.5616760253906,2515400
2023-04-25,272.67547607421875,4529500
2023-04-26,265.0748596191406,4037400
2023-04-27,270.4670715332031,3133600
2023-04-28,276.5494384765625,4063400
2023-05-01,273.9361572265625,2970000
2023-05-02,270.7891540527344,3413200
2023-05-03,269.6849060058594,2743400
2023-05-04,262.9400329589844,4422500
2023-05-05,266.5010986328125,3806600
2023-05-08,264.9460144042969,3736500
2023-05-09,267.384521484375,2570000
2023-05-10,265.958251953125,3571000
2023-05-11,264.7251281738281,3859700
2023-05-12,267.2832946777344,3438300
2023-05-15,265.5072937011719,5353600
2023-05-16,259.79302978515625,12362100
2023-05-17,269.0500183105469,7956900
2023-05-18,271.598876953125,4547000
2023-05-19,267.6605529785156,4470600
2023-05-22,267.4581298828125,3736200
2023-05-23,271.39642333984375,5352200
2023-05-24,267.8630065917969,4978200
2023-05-25,263.8602294921875,5355900
2023-05-26,269.454833984375,4626100
2023-05-30,269.0592041015625,5193300
2023-05-31,262.7013244628906,18288800
2023-06-01,267.2798156738281,4305100
2023-06-02,274.2770690917969,4515600
2023-06-05,271.6449890136719,3028800
2023-06-06,274.33270263671875,2855400
2023-06-07,279.61541748046875,4842700
2023-06-08,279.0500793457031,3757300
2023-06-09,275.5839538574219,3485800
2023-06-12,278.8369140625,4456600
2023-06-13,278.1140441894531,4043400
2023-06-14,277.7710876464844,4176000
2023-06-15,279.91204833984375,4109700
2023-06-16,278.39208984375,10809300
2023-06-20,279.3467102050781,3371100
2023-06-21,278.6886901855469,2713300
2023-06-22,279.1335144042969,3052000
2023-06-23,278.7905578613281,8525900
2023-06-26,285.3523864746094,4440100
2023-06-27,290.77410888671875,5342500
2023-06-28,284.0733642578125,4025600
2023-06-29,285.28741455078125,3279700
2023-06-30,287.90106201171875,3230700
2023-07-03,287.3263854980469,1483300
2023-07-05,288.04925537109375,2496000
2023-07-06,279.91204833984375,4828300
2023-07-07,280.64422607421875,2951900
2023-07-10,287.5673828125,3246700
2023-07-11,290.70001220703125,2913800
2023-07-12,294.27740478515625,5300500
2023-07-13,291.5711975097656,3235600
2023-07-14,293.33203125,2942100
2023-07-17,292.91497802734375,2002500
2023-07-18,293.57305908203125,2315600
2023-07-19,296.0939636230469,2361400
2023-07-20,295.7325134277344,2101900
2023-07-21,297.0115051269531,3673400
2023-07-24,301.31182861328125,2621900
2023-07-25,301.330322265625,2890800
2023-07-26,305.4638366699219,3448100
2023-07-27,305.5751037597656,2608600
2023-07-28,307.11358642578125,2268200
2023-07-31,309.4027404785156,2690000
2023-08-01,307.7623596191406,2547200
2023-08-02,304.4536437988281,2752600
2023-08-03,305.704833984375,2451300
2023-08-04,302.53521728515625,3591600
2023-08-07,305.07464599609375,2111000
2023-08-08,303.814208984375,3272600
2023-08-09,304.18487548828125,2698900
2023-08-10,305.2878112792969,3075100
2023-08-11,306.8726501464844,3108400
2023-08-14,305.7975769042969,3974800
2023-08-15,307.8272399902344,5860900
2023-08-16,308.65216064453125,3753900
2023-08-17,303.322998046875,3885100
2023-08-18,303.4063720703125,3472000
2023-08-21,300.3386535644531,3109700
2023-08-22,300.72796630859375,2582200
2023-08-23,302.2200927734375,2728000
2023-08-24,298.97625732421875,2490000
2023-08-25,299.2265319824219,2418100
2023-08-28,302.0532531738281,2099900
2023-08-29,305.26922607421875,2628200
2023-08-30,308.38458251953125,2256200
2023-08-31,308.0766906738281,2914700
2023-09-01,310.6696472167969,2317400
2023-09-05,305.726318359375,3141400
2023-09-06,304.0660400390625,3199700
2023-09-07,306.3232421875,2454000
2023-09-08,306.59368896484375,2210300
2023-09-11,306.27667236328125,2087800
2023-09-12,304.32720947265625,2190500
2023-09-13,303.9540710449219,2564300
2023-09-14,307.4518127441406,2707600
2023-09-15,299.7755432128906,7117800
2023-09-18,295.9141540527344,2740400
2023-09-19,293.4423828125,2776500
2023-09-20,289.9446716308594,2320000
2023-09-21,286.1205749511719,2766500
2023-09-22,285.1598815917969,2289200
2023-09-25,285.8686828613281,1882300
2023-09-26,282.18450927734375,2655500
2023-09-27,281.5129089355469,2513900
2023-09-28,283.0705871582031,2369600
2023-09-29,281.83013916015625,3502600
2023-10-02,279.6568298339844,2806800
2023-10-03,272.2976989746094,3609200
2023-10-04,272.7174072265625,2956300
2023-10-05,272.0738830566406,2469300
2023-10-06,273.11846923828125,2922500
2023-10-09,275.487548828125,1929900
2023-10-10,279.0878601074219,3116300
2023-10-11,277.99658203125,2292800
2023-10-12,273.30499267578125,2546400
2023-10-13,272.2790222167969,2092700
2023-10-16,277.3249816894531,2567000
2023-10-17,276.028564453125,2139700
2023-10-18,270.71209716796875,2720100
2023-10-19,267.4754943847656,3028600
2023-10-20,267.1397399902344,2885300
2023-10-23,265.8899230957031,2590900
2023-10-24,264.248291015625,2705200
2023-10-25,262.0284729003906,2962800
2023-10-26,259.2956237792969,3108200
2023-10-27,257.85919189453125,2907300
2023-10-30,262.54144287109375,3074400
2023-10-31,265.5354309082031,3036000
2023-11-01,267.344970703125,2747300
2023-11-02,274.7134094238281,3628000
2023-11-03,275.7207946777344,3071900
2023-11-06,274.7507629394531,2890300
2023-11-07,274.9372863769531,2629000
2023-11-08,276.0099792480469,2454900
2023-11-09,268.50152587890625,4059100
2023-11-10,271.97119140625,3653500
2023-11-13,268.68804931640625,4586700
2023-11-14,283.20111083984375,7952800
2023-11-15,287.454345703125,3985900
2023-11-16,285.8221130371094,3114000
2023-11-17,286.59625244140625,2770300
2023-11-20,287.454345703125,3459000
2023-11-21,284.796142578125,2977200
2023-11-22,288.3963928222656,2873500
2023-11-24,289.79547119140625,1259900
2023-11-27,290.00067138671875,2992600
2023-11-28,292.2578430175781,3116900
2023-11-29,292.0419006347656,3083800
2023-11-30,294.3611755371094,4493700
2023-12-01,300.1170959472656,3613600
2023-12-04,304.2486572265625,3827900
2023-12-05,303.7603454589844,3269800
2023-12-06,306.2110595703125,3030800
2023-12-07,306.2674865722656,2742300
2023-12-08,306.54913330078125,2889300
2023-12-11,311.1125793457031,3520700
2023-12-12,312.8684997558594,2893400
2023-12-13,322.4460754394531,5822700
2023-12-14,330.3429260253906,7594800
2023-12-15,332.3993225097656,11212800
2023-12-18,329.4039611816406,4420500
2023-12-19,330.5870361328125,4654700
2023-12-20,327.3851623535156,3259500
2023-12-21,327.6762390136719,2794200
2023-12-22,327.31939697265625,2029900
2023-12-26,327.9954528808594,1585500
2023-12-27,327.2630310058594,2764300
2023-12-28,326.1644287109375,2859400
2023-12-29,325.40386962890625,10325700
2024-01-02,324.0235900878906,2833600
2024-01-03,317.6197509765625,3309600
2024-01-04,317.9295349121094,3652400
2024-01-05,322.0141296386719,2664300
2024-01-08,326.69964599609375,2736200
2024-01-09,325.06585693359375,2338100
2024-01-10,335.0284118652344,4109300
2024-01-11,334.77490234375,3530400
2024-01-12,334.0048828125,1956100
2024-01-16,336.5589904785156,3669400
2024-01-17,333.9955139160156,2646100
2024-01-18,336.0612487792969,2510700
2024-01-19,340.29608154296875,3234600
2024-01-22,334.92510986328125,4003700
2024-01-23,329.3757629394531,3878400
2024-01-24,326.07989501953125,3474400
2024-01-25,329.55419921875,3064200
2024-01-26,333.61993408203125,3177700
2024-01-29,333.9955139160156,2732000
2024-01-30,335.3101501464844,2336500
2024-01-31,331.42279052734375,3377900
2024-02-01,338.0989074707031,2439100
2024-02-02,335.4322204589844,3697600
2024-02-05,333.4697265625,2653800
2024-02-06,334.5120544433594,2045300
2024-02-07,340.5590515136719,3272200
2024-02-08,341.52618408203125,2521900
2024-02-09,340.990966796875,2389900
2024-02-12,343.150634765625,3119700
2024-02-13,335.77020263671875,3106500
2024-02-14,336.3712463378906,2998900
2024-02-15,339.04730224609375,2662800
2024-02-16,340.2398376464844,3899600
2024-02-20,340.4463806152344,4830000
2024-02-21,341.9111633300781,3277800
2024-02-22,348.6812438964844,3387500
2024-02-23,349.2633361816406,3398200
2024-02-26,348.9253234863281,2461000
2024-02-27,352.6437072753906,2802900
2024-02-28,354.5686340332031,2282500
2024-02-29,357.38555908203125,4382800
2024-03-01,360.9912109375,2750900
2024-03-04,357.1602783203125,2619000
2024-03-05,355.3573913574219,3011600
2024-03-06,356.5286865234375,2496300
2024-03-07,355.6879577636719,2368500
2024-03-08,352.6652526855469,2162900
2024-03-11,350.9366760253906,2833700
2024-03-12,353.78936767578125,2843800
2024-03-13,357.9927673339844,3761200
2024-03-14,354.4789123535156,3877500
2024-03-15,352.55194091796875,9234900
2024-03-18,351.3050537109375,3455600
2024-03-19,358.3895263671875,3493800
2024-03-20,363.1125183105469,2750400
2024-03-21,373.3047180175781,4212200
2024-03-22,368.65728759765625,2910900
2024-03-25,362.26239013671875,2683900
2024-03-26,358.8807067871094,2720200
2024-03-27,364.51055908203125,2536500
2024-03-28,362.347412109375,4108200
2024-04-01,347.6400451660156,4333200
2024-04-02,342.8887023925781,4650500
2024-04-03,339.9604797363281,4723000
2024-04-04,337.86346435546875,4381600
2024-04-05,338.0428771972656,3243400
2024-04-08,341.9913024902344,4339600
2024-04-09,341.3962707519531,3022600
2024-04-10,331.13787841796875,4805200
2024-04-11,328.1246643066406,4104700
2024-04-12,323.87396240234375,3550300
2024-04-15,319.2076416015625,4209200
2024-04-16,316.2794189453125,4525500
2024-04-17,314.3901672363281,4273800
2024-04-18,314.4468688964844,3717300
2024-04-19,316.780029296875,3076600
2024-04-22,317.48846435546875,3112800
2024-04-23,320.2183532714844,3697400
2024-04-24,314.5602111816406,4029200
2024-04-25,313.58734130859375,3787800
2024-04-26,316.5250244140625,2465300
2024-04-29,318.1402282714844,2427400
2024-04-30,315.7031555175781,3089900
2024-05-01,313.5779113769531,3267500
2024-05-02,316.94061279296875,3213600
2024-05-03,323.8550720214844,4165100
2024-05-06,323.3261413574219,3366100
2024-05-07,321.8147277832031,2930700
2024-05-08,320.05780029296875,3123200
2024-05-09,328.1907958984375,3801400
2024-05-10,327.2367248535156,3413700
2024-05-13,322.0697326660156,4055600
2024-05-14,321.63525390625,5854300
2024-05-15,329.3526611328125,4151100
2024-05-16,323.74176025390625,3101600
2024-05-17,325.1397399902344,2739000
2024-05-20,319.103759765625,3237400
2024-05-21,317.5262756347656,4275100
2024-05-22,312.2743225097656,4024400
2024-05-23,308.779296875,4021100
2024-05-24,307.0884704589844,2736900
2024-05-28,310.4889831542969,3807500
2024-05-29,307.8536071777344,3506200
2024-05-30,313.10400390625,2921800
2024-05-31,318.5161437988281,5557800
2024-06-03,311.9911804199219,3712800
2024-06-04,312.2289733886719,4296800
2024-06-05,314.1312561035156,2422400
2024-06-06,314.9302978515625,2979400
2024-06-07,311.0589904785156,2583800
2024-06-10,316.3189697265625,2691000
2024-06-11,319.32464599609375,3250900
2024-06-12,327.3334655761719,4793000
2024-06-13,330.8907775878906,3380800
2024-06-14,329.9015808105469,2589000
2024-06-17,332.43170166015625,2680200
2024-06-18,336.5882873535156,3655000
2024-06-20,336.17926025390625,3661200
2024-06-21,338.42401123046875,6596400
2024-06-24,333.7442932128906,4278900
2024-06-25,321.79766845703125,4879600
2024-06-26,325.1267395019531,3365300
2024-06-27,324.8128356933594,2912600
2024-06-28,327.42852783203125,6344000
2024-07-01,319.7716979980469,2643600
2024-07-02,318.6112976074219,2995900
2024-07-03,317.34625244140625,1733000
2024-07-05,318.2403259277344,3437500
2024-07-08,323.0151672363281,3534500
2024-07-09,320.62774658203125,2254300
2024-07-10,327.3714904785156,3263100
2024-07-11,336.5121765136719,4146900
2024-07-12,342.2001647949219,4019900
2024-07-15,340.9541015625,2884000
2024-07-16,351.093505859375,3210400
2024-07-17,353.7282409667969,3991100
2024-07-18,348.2019348144531,2395000
2024-07-19,345.6147766113281,2474500
2024-07-22,345.51019287109375,4049300
2024-07-23,342.0574645996094,2535700
2024-07-24,333.20208740234375,3508100
2024-07-25,336.0365905761719,3297600
2024-07-26,341.95281982421875,2439000
2024-07-29,344.0073547363281,2142100
2024-07-30,345.92864990234375,2788800
2024-07-31,350.1803894042969,3526100
2024-08-01,341.0682067871094,3759000
2024-08-02,338.07208251953125,3764600
2024-08-05,332.9167785644531,3827900
2024-08-06,336.6263427734375,2831100
2024-08-07,325.6784362792969,3429100
2024-08-08,331.3283386230469,3591100
2024-08-09,331.6136779785156,2314800
2024-08-12,328.92193603515625,3830200
2024-08-13,332.973876953125,6388600
2024-08-14,338.29083251953125,4814800
2024-08-15,342.4854736328125,3575800
2024-08-16,344.3782958984375,3308300
2024-08-19,345.3389587402344,3634900
2024-08-20,349.33380126953125,3459400
2024-08-21,352.3680725097656,4587600
2024-08-22,347.5171203613281,4097300
2024-08-23,357.2475280761719,3426200
2024-08-26,355.83984375,2452100
2024-08-27,354.9552307128906,1780300
2024-08-28,354.48919677734375,2218300
2024-08-29,351.254638671875,2698400
2024-08-30,352.6326599121094,3216700
2024-09-03,349.03460693359375,3598100
2024-09-04,348.9676513671875,3221300
2024-09-05,346.26904296875,2789200
2024-09-06,344.5465087890625,2228800
2024-09-09,349.7809753417969,2747600
2024-09-10,354.900634765625,2787400
2024-09-11,354.5369873046875,2937700
2024-09-12,358.3073425292969,2367700
2024-09-13,363.6278991699219,2514700
2024-09-16,365.5609436035156,2877800
2024-09-17,366.738037109375,2947600
2024-09-18,367.474853515625,3549400
2024-09-19,373.5322570800781,3753500
2024-09-20,373.0729675292969,6584200
2024-09-23,375.08251953125,2502300
2024-09-24,383.407958984375,4057700
2024-09-25,379.8384704589844,2787300
2024-09-26,379.61846923828125,2849500
2024-09-27,382.3265686035156,2452300
2024-09-30,387.75238037109375,3442000
2024-10-01,391.4366455078125,3476200
2024-10-02,393.5514831542969,3431300
2024-10-03,393.857666015625,3320700
2024-10-04,390.77630615234375,3989000
2024-10-07,390.4892578125,3267800
2024-10-08,396.345703125,3693900
2024-10-09,398.1543884277344,3627800
2024-10-10,392.30743408203125,3040800
2024-10-11,394.1638488769531,2717400
2024-10-14,397.5323486328125,2088700
2024-10-15,397.6854553222656,3693000
2024-10-16,400.58502197265625,2429000
2024-10-17,397.7046203613281,2013800
2024-10-18,397.1304626464844,2436600
2024-10-21,388.90069580078125,3699500
2024-10-22,384.54669189453125,4486700
2024-10-23,382.43182373046875,3159000
2024-10-24,385.3409118652344,2550300
2024-10-25,381.7332458496094,1941400
2024-10-28,385.5419006347656,2586500
2024-10-29,378.0585632324219,3822700
2024-10-30,375.6183776855469,2795600
2024-10-31,376.7954406738281,2518600
2024-11-01,375.6853942871094,3277800
2024-11-04,378.5370788574219,2690500
2024-11-05,382.8624572753906,2496500
2024-11-06,371.6470642089844,7133400
2024-11-07,382.24041748046875,4323100
2024-11-08,388.4222717285156,3448700
2024-11-11,390.7093811035156,4071500
2024-11-12,385.7236633300781,5647100
2024-11-13,392.52752685546875,3083100
2024-11-14,388.25,3348100
2024-11-15,390.6040954589844,3239500
2024-11-18,392.7668151855469,3394300
2024-11-19,389.2835693359375,3239400
2024-11-20,382.7763366699219,4732200
2024-11-21,392.7763366699219,3722200
2024-11-22,401.9151611328125,4932500
2024-11-25,410.21185302734375,4544200
2024-11-26,411.02520751953125,2758600
2024-11-27,410.9482421875,2293500
2024-11-29,412.8145446777344,2028700
2024-12-02,410.72698974609375,2617100
2024-12-03,413.026123046875,2714000
2024-12-04,411.6505126953125,1968800
2024-12-05,410.322998046875,2523500
2024-12-06,414.9693298339844,3161400
2024-12-09,412.86260986328125,3426000
2024-12-10,406.52313232421875,3354900
2024-12-11,405.3591613769531,4211200
2024-12-12,398.6637878417969,3673600
2024-12-13,401.12646484375,2649500
2024-12-16,395.0948181152344,2879600
2024-12-17,392.9400329589844,3726500
2024-12-18,378.84698486328125,4225500
2024-12-19,370.38153076171875,4576100
2024-12-20,377.67340087890625,8046400
2024-12-23,377.529052734375,2433800
2024-12-24,381.0788269042969,1392600
2024-12-26,380.1167907714844,1319500
2024-12-27,377.9234313964844,1942700
2024-12-30,374.6239013671875,2444700
2024-12-31,374.20062255859375,2179700
2025-01-02,373.6907653808594,2415700
2025-01-03,374.3834228515625,2231600
2025-01-06,374.5661926269531,3274500
2025-01-07,369.6216125488281,2274300
2025-01-08,372.47869873046875,2848500
2025-01-10,375.06640625,5323400
2025-01-13,374.3834228515625,3512900
2025-01-14,377.8465270996094,3405200
2025-01-15,390.6505126953125,4584800
2025-01-16,393.76727294921875,2305900
2025-01-17,393.8154296875,3229000
2025-01-21,402.52130126953125,3568100
2025-01-22,394.5080261230469,3581400
2025-01-23,398.63494873046875,3840300
2025-01-24,398.7406921386719,2369800
2025-01-27,408.7164611816406,3699200
2025-01-28,402.9061279296875,2818300
2025-01-29,397.7017822265625,2384900
2025-01-30,398.7406921386719,3081300
2025-01-31,396.3165588378906,2761000
2025-02-03,393.218994140625,2896200
2025-02-04,395.8451843261719,2150800
2025-02-05,398.0865783691406,2212100
2025-02-06,398.41363525390625,2023700
2025-02-07,391.8818359375,2530200
2025-02-10,398.2500915527344,2617600
2025-02-11,400.5299987792969,1441800
2025-02-12,391.66058349609375,3387000
2025-02-13,396.7494201660156,3067900
2025-02-14,393.93084716796875,3004400
2025-02-18,387.9761657714844,3994000
2025-02-19,380.3957214355469,3780000
2025-02-20,379.6357727050781,2703500
2025-02-21,370.6509094238281,5287000
2025-02-24,367.88043212890625,5722000
2025-02-25,378.337158203125,6823900
2025-02-26,375.63397216796875,3871500
2025-02-27,375.4319152832031,2825100
2025-02-28,381.52130126953125,4263500
2025-03-03,374.8739929199219,3397600
2025-03-04,367.1685485839844,4384800
2025-03-05,371.6610412597656,2780300
2025-03-06,367.2166748046875,4222000
2025-03-07,362.47412109375,4573900
2025-03-10,360.40582275390625,3710500
2025-03-11,354.1625671386719,4013300
2025-03-12,350.86297607421875,3368000
2025-03-13,336.16748046875,7062400
2025-03-14,340.097900390625,5510700
2025-03-17,342.8278503417969,3681300
2025-03-18,338.4134216308594,3008200
2025-03-19,342.1405334472656,2990200
2025-03-20,344.17352294921875,3391200
2025-03-21,339.9429931640625,8205400
2025-03-24,352.16021728515625,4023200
2025-03-25,349.4689636230469,2799500
2025-03-26,350.57257080078125,3140900
2025-03-27,351.1534118652344,3036600
2025-03-28,346.7196044921875,2980200
2025-03-31,354.7934265136719,4498800
2025-04-01,353.8543701171875,2801600
2025-04-02,359.05303955078125,3189500
2025-04-03,344.55108642578125,5407100
2025-04-04,342.605224609375,7531100
2025-04-07,330.6106872558594,6950500
2025-04-08,324.540771484375,4868000
2025-04-09,344.0477294921875,6793000
2025-04-10,342.33416748046875,5574800
2025-04-11,342.5664978027344,3576400
2025-04-14,345.7998962402344,2841800
2025-04-15,342.8085021972656,2883100
2025-04-16,334.94769287109375,2637200
2025-04-17,343.7282409667969,3232400
2025-04-21,335.8286437988281,4015200
2025-04-22,343.1182861328125,2802400
2025-04-23,345.04486083984375,3283300
2025-04-24,348.16204833984375,2749500
2025-04-25,346.16778564453125,2811300
2025-04-28,345.52886962890625,2413000
2025-04-29,347.5424499511719,2836900
2025-04-30,348.98486328125,3741500
2025-05-01,346.86480712890625,3210100
2025-05-02,352.8862609863281,2283300
2025-05-05,350.1853332519531,2563500
2025-05-06,347.9103088378906,2299700
2025-05-07,351.1727600097656,2657200
2025-05-08,353.2154235839844,3035800
2025-05-09,351.1340637207031,1970700
2025-05-12,364.5710754394531,3831400
2025-05-13,361.676513671875,2726800
2025-05-14,360.9117126464844,2587400
2025-05-15,366.5459899902344,2830500
2025-05-16,368.6273193359375,3129100
2025-05-19,367.27203369140625,4428200
2025-05-20,365.01641845703125,6287400
2025-05-21,359.00457763671875,3966000
2025-05-22,354.4449462890625,2957300
2025-05-23,351.1340637207031,3115000
2025-05-27,358.57861328125,3998500
2025-05-28,356.3133239746094,2986100
2025-05-29,356.53594970703125,3034800
2025-05-30,356.53594970703125,4110400
2025-06-02,356.2165222167969,2506900
2025-06-03,361.1730651855469,3359500
2025-06-04,360.5148010253906,2428800
2025-06-05,359.7160339355469,2324100
2025-06-06,357.8165588378906,2349700
2025-06-09,355.74169921875,2619700
2025-06-10,358.38153076171875,3014900
2025-06-11,351.1244812011719,3793500
2025-06-12,353.75457763671875,2921900
2025-06-13,345.4747009277344,3364400
2025-06-16,344.4031982421875,3688600
2025-06-17,339.7469787597656,4230100
2025-06-18,338.04229736328125,4453900
2025-06-20,340.5652160644531,8056500
2025-06-23,347.7151184082031,3862400
2025-06-24,351.08551025390625,4089600
2025-06-25,352.48822021484375,4159600
2025-06-26,354.08575439453125,3187900
2025-06-27,359.1900329589844,5503700
2025-06-30,357.1444091796875,4600700
2025-07-01,363.49554443359375,5152600
2025-07-02,362.2195129394531,3011400
2025-07-03,362.0539245605469,2573600
2025-07-07,358.1185302734375,3433100
2025-07-08,357.9821472167969,2531700
2025-07-09,361.43048095703125,3384200
2025-07-10,363.63189697265625,3701700
2025-07-11,360.4855651855469,3068900
2025-07-14,360.5245361328125,2481100
2025-07-15,349.35162353515625,3868700
2025-07-16,348.1437072753906,4259800
2025-07-17,349.7412414550781,3128900
2025-07-18,350.0919494628906,3361600
2025-07-21,354.61175537109375,3503900
2025-07-22,361.4012451171875,3095400
2025-07-23,366.6029357910156,3238000
2025-07-24,363.4273681640625,3088000
2025-07-25,365.6191101074219,2221000
2025-07-28,367.4601745605469,4062800
2025-07-29,367.5672912597656,2931600
2025-07-30,362.4435119628906,3110700
2025-07-31,357.99188232421875,3091600
2025-08-01,363.98260498046875,3008200
2025-08-04,370.9571838378906,2844300
2025-08-05,375.4283142089844,2931400
2025-08-06,376.78228759765625,2812800
2025-08-07,376.1686096191406,2433000
2025-08-08,377.80511474609375,2326700
2025-08-11,377.4933776855469,2605800
2025-08-12,385.7440185546875,2911300
2025-08-13,396.63446044921875,5187500
2025-08-14,389.9521179199219,3600200
2025-08-15,389.0364990234375,3841400
2025-08-18,384.4776916503906,4407100
2025-08-19,396.6539611816406,7629300
2025-08-20,391.3353576660156,4195300
2025-08-21,387.4000244140625,2942600
2025-08-22,402.09918212890625,5284700
2025-08-25,398.3099365234375,3579500
2025-08-26,396.98516845703125,3180900
2025-08-27,397.6669921875,2487800
2025-08-28,396.8974609375,4051600
2025-08-29,396.23504638671875,2210300
2025-09-02,395.7869873046875,3328600
2025-09-03,397.1507263183594,3025100
2025-09-04,403.3028259277344,3873100
2025-09-05,410.4148864746094,5855600
2025-09-08,411.384765625,3742600
2025-09-09,406.8784484863281,3516000
2025-09-10,404.81146240234375,2897800
2025-09-11,414.7938537597656,5316400
2025-09-12,414.0787353515625,5004200
2025-09-15,414.0982971191406,4884700
2025-09-16,412.8639831542969,3726700
2025-09-17,408.504638671875,4771700
2025-09-18,408.974853515625,3677200
2025-09-19,407.2213134765625,6718400
2025-09-22,403.60650634765625,2656300
2025-09-23,402.5386962890625,2597000
2025-09-24,401.4219055175781,3220700
2025-09-25,399.1492004394531,2554300
2025-09-26,401.73541259765625,2316600
2025-09-29,398.512451171875,3008400
2025-09-30,396.93524169921875,3211600
2025-10-01,388.9316711425781,3787800
2025-10-02,386.962646484375,2964700
2025-10-03,387.0115966796875,2951300
2025-10-06,381.3983154296875,3653700
2025-10-07,378.9296875,2505700
2025-10-08,375.9712219238281,2517600
2025-10-09,369.9954833984375,3321400
2025-10-10,368.0950012207031,2992400
2025-10-13,371.6412658691406,2925900
2025-10-14,379.8211364746094,4399900
2025-10-15,380.3893127441406,3690100
2025-10-16,379.4978942871094,2783700
2025-10-17,383.91595458984375,2657700
2025-10-20,380.9673156738281,2761100
2025-10-21,382.9363708496094,2306900
2025-10-22,381.0456848144531,2857000
2025-10-23,377.1859436035156,2767300
2025-10-24,378.80230712890625,2426800
2025-10-27,377.4210510253906,3065800
2025-10-28,377.8912658691406,2372800
2025-10-29,370.3383483886719,3852300
2025-10-30,371.81756591796875,2384300
2025-10-31,371.8567810058594,2643500
2025-11-03,370.6420593261719,2897600
2025-11-04,375.2756652832031,2590000
2025-11-05,366.2239074707031,4763000
2025-11-06,361.55108642578125,3622100
2025-11-07,363.5495300292969,2766400
2025-11-10,362.88336181640625,3257900
2025-11-11,366.6157531738281,2407300
2025-11-12,363.56915283203125,3375800
2025-11-13,360.57147216796875,3034800
2025-11-14,354.977783203125,3413300
2025-11-17,350.7359924316406,5127200
2025-11-18,329.62506103515625,10168500
2025-11-19,327.68536376953125,7595000
2025-11-20,325.60858154296875,4025300
2025-11-21,336.32568359375,7441300
2025-11-24,329.7229919433594,6132900
2025-11-25,343.91778564453125,6316600
2025-11-26,348.2281799316406,4517300
2025-11-28,349.64862060546875,2119600
2025-12-01,350.0502624511719,5107100
2025-12-02,346.8175048828125,3965300
2025-12-03,350.6184387207031,4166700
2025-12-04,346.2408142089844,4022800
2025-12-05,349.6324768066406,5959200
2025-12-08,344.99847412109375,7273000
2025-12-09,340.423583984375,5063100
2025-12-10,346.2013244628906,6316100
2025-12-11,352.4424743652344,6609800
2025-12-12,354.60174560546875,3861200
2025-12-15,351.97906494140625,4387400
2025-12-16,347.7295837402344,3497200
2025-12-17,351.742431640625,3875200
2025-12-18,350.00714111328125,4805200
2025-12-19,340.1573791503906,12825600
2025-12-22,341.52789306640625,3523700
2025-12-23,340.1278076171875,3873400
2025-12-24,342.46453857421875,1368600
2025-12-26,344.8702697753906,1786900
2025-12-29,342.572998046875,3790000
2025-12-30,341.48846435546875,2392600
2025-12-31,339.27001953125,2317500
2026-01-02,340.96588134765625,3763000
2026-01-05,339.2601318359375,4725300
2026-01-06,344.3871765136719,4680300
2026-01-07,344.160400390625,4442700
2026-01-08,354.51300048828125,5196500
2026-01-09,369.38134765625,7093500
2026-01-12,369.6771240234375,5859800
2026-01-13,374.40972900390625,4785800
2026-01-14,370.6729736328125,4959900
2026-01-15,373.8379211425781,2990100
2026-01-16,374.833740234375,3709000
2026-01-20,369.8447265625,5353700
2026-01-21,379.2409973144531,5169800
2026-01-22,375.6816711425781,4828100
2026-01-23,378.3831787109375,3138300
2026-01-26,381.1044616699219,3984800
2026-01-27,375.0210266113281,3466100
2026-01-28,370.0320739746094,3371500
2026-01-29,366.591064453125,4744500
2026-01-30,369.33203125,3755600
2026-02-02,372.8125,4757200
2026-02-03,375.75067138671875,5684400
2026-02-04,381.7650451660156,5574700
2026-02-05,377.0028381347656,3759700
2026-02-06,379.7438049316406,4685400
2026-02-09,375.6520690917969,3639300
2026-02-10,384.210205078125,3160800
2026-02-11,385.1961975097656,3229900
2026-02-12,384.74267578125,3702200
2026-02-13,385.56097412109375,2875900
2026-02-17,377.6634521484375,3485300
2026-02-18,378.1366882324219,2982600
2026-02-19,373.2660217285156,2930900
2026-02-20,376.884521484375,3984100
2026-02-23,371.6983642578125,5495700
2026-02-24,379.083251953125,5675800
2026-02-25,370.2983093261719,5036900
2026-02-26,369.82501220703125,2889400
2026-02-27,375.3760070800781,4819500
2026-03-02,365.6051025390625,4537600
2026-03-03,361.76971435546875,3964700
2026-03-04,363.928955078125,4324400
2026-03-05,356.603271484375,4752200
2026-03-06,352.89605712890625,4167400
2026-03-09,348.59722900390625,4224500
2026-03-10,352.1368103027344,3986000
2026-03-11,345.9154357910156,3197100
2026-03-12,336.40673828125,3893600
2026-03-13,336.5059814453125,2531900
2026-03-16,340.029541015625,3194400
2026-03-17,338.88812255859375,3075900
2026-03-18,328.4662780761719,3592200
2026-03-19,325.76654052734375,3845400
2026-03-20,318.3620910644531,9672200
2026-03-23,328.4365234375,5806300
2026-03-24,328.4464416503906,4566400
2026-03-25,330.0345458984375,4397800
2026-03-26,325.9848937988281,3448400
2026-03-27,319.25537109375,3977400
2026-03-30,321.09161376953125,4066000
2026-03-31,326.4414978027344,5749100
2026-04-01,327.1064758300781,3386200
2026-04-02,319.23553466796875,3732300
2026-04-06,324.2181396484375,2448300
2026-04-07,316.3968200683594,4661600
2026-04-08,333.6573486328125,4610600
2026-04-09,337.0518798828125,3002000
2026-04-10,334.8285827636719,3208300
2026-04-13,338.6201477050781,3741200
2026-04-14,340.1585693359375,2882500
2026-04-15,336.38690185546875,3365200
2026-04-16,334.6399841308594,2856700
2026-04-17,346.79876708984375,4930400
2026-04-20,348.376953125,3260900
2026-04-21,341.3595886230469,3081000
2026-04-22,336.9725036621094,2855800
2026-04-23,337.6275939941406,2712400
2026-04-24,333.3893737792969,3255900
2026-04-27,329.8260803222656,3282900
2026-04-28,326.6101989746094,4279300
2026-04-29,320.40673828125,4150000
2026-04-30,326.3521423339844,4317900
2026-05-01,321.4687805175781,3865300
2026-05-04,310.0941162109375,6396100
2026-05-05,313.07177734375,6391400
2026-05-06,320.64495849609375,5455900
2026-05-07,320.238037109375,4411700
2026-05-08,315.086669921875,4995500
2026-05-11,309.0816955566406,4335700
2026-05-12,308.148681640625,4225700
2026-05-13,300.2975769042969,6307800
2026-05-14,302.08416748046875,5072600
2026-05-15,295.29510498046875,6121500
2026-05-18,297.5779724121094,6366100
2026-05-19,300.1883850097656,8692500
2026-05-20,308.2677917480469,5810900
2026-05-21,311.4439697265625,4516600
2026-05-22,310.7392578125,2963800
2026-05-26,308.22808837890625,6978200
2026-05-27,315.4836730957031,5990100
2026-05-28,318.8186340332031,6818900
2026-05-29,314.7789611816406,6963300
2026-06-01,308.3769836425781,4544200
2026-06-02,309.2007751464844,4310000
2026-06-03,310.6400146484375,4328300
2026-06-04,309.95001220703125,4558600
2026-06-05,310.7799987792969,3946300
2026-06-08,309.7099914550781,4381800
2026-06-09,321.3299865722656,4875300
2026-06-10,318.9200134277344,4823800
2026-06-11,326.010009765625,4656600
2026-06-12,328.3900146484375,3649000
2026-06-15,329.82000732421875,4695000
2026-06-16,337.0899963378906,5131500
2026-06-17,327.4800109863281,6085400
2026-06-18,334.2799987792969,10604400
2026-06-22,326.6199951171875,4713600
2026-06-23,324.45001220703125,4788000
2026-06-24,342.8599853515625,6385000
2026-06-25,345.0,6974100
2026-06-26,348.8599853515625,7771700
2026-06-29,350.80999755859375,5786500
2026-06-30,352.67999267578125,4579000
2026-07-01,350.8399963378906,4038600
