,close,volume
2021-09-03,145.51196830762967,15794150
2021-09-06,143.2519653613183,6179591
2021-09-07,147.18669250976916,18775842
2021-09-08,148.0010841223672,6663870
2021-09-09,147.78909538334173,18072678
2021-09-10,148.34111759823998,13440470
2021-09-13,147.03369702797087,9030556
2021-09-14,151.57473764749665,5493604
2021-09-15,150.10163639944676,3238423
2021-09-16,151.37377580651358,3624559
2021-09-17,149.17360721512685,16387943
2021-09-20,149.19297999405674,4093889
2021-09-21,145.92230024211727,18492340
2021-09-22,146.53864293003542,1527152
2021-09-23,146.7243832742527,17892925
2021-09-24,148.19590907628105,19274737
2021-09-27,149.46488266834902,15561368
2021-09-28,149.55818403667396,2563212
2021-09-29,155.1661301858566,10138043
2021-09-30,155.13057211027427,9318997
2021-10-01,155.25550860588368,19527813
2021-10-04,155.0330201436232,9262350
2021-10-05,155.61499304057037,11885477
2021-10-06,154.8312250043268,7504955
2021-10-07,153.82365722338506,6936511
2021-10-08,155.93573586107112,16521702
2021-10-11,155.81552861750654,13878603
2021-10-12,158.81577385535485,6493991
2021-10-13,153.50834611724383,4821318
2021-10-14,157.79009923423908,3576033
2021-10-15,160.369439463963,17510607
2021-10-18,160.23704755831076,19902677
2021-10-19,160.02957503073037,6498450
2021-10-20,161.90195357513744,14500006
2021-10-21,158.9542568151164,12475926
2021-10-22,159.0800797237115,6954401
2021-10-25,159.54094886469406,17041449
2021-10-26,153.79316018680117,3844374
2021-10-27,154.77493365647427,9986402
2021-10-28,151.06822711070797,16914103
2021-10-29,154.05735397206305,10992327
2021-11-01,157.8286631726242,14756641
2021-11-02,162.1951079269994,15781350
2021-11-03,161.2726080996273,7985726
2021-11-04,160.31497524284964,8540408
2021-11-05,154.7277940101397,15906704
2021-11-08,156.64951951972867,5216626
2021-11-09,152.46806041165624,11781516
2021-11-10,148.5572930374189,2513789
2021-11-11,147.76208045925623,1668409
2021-11-12,144.8647134235205,4883115
2021-11-15,142.39272216922802,11095270
2021-11-16,142.52773382887358,16884537
2021-11-17,144.82166253209292,10022670
2021-11-18,146.24949531997328,3122195
2021-11-19,146.7637306764856,19908237
2021-11-22,149.84005370988157,7587030
2021-11-23,150.19967737851863,12677984
2021-11-24,148.79739458065706,5732755
2021-11-25,146.76377943318562,6510599
2021-11-26,148.2450452174244,7400479
2021-11-29,145.35046659608827,5741815
2021-11-30,146.2805640228135,1933704
2021-12-01,145.17150912051025,17711655
2021-12-02,143.01252611520854,3752777
2021-12-03,140.84186469714686,14009087
2021-12-06,143.32487801108414,8655505
2021-12-07,141.14359796207737,16345118
2021-12-08,140.4500435384232,19910489
2021-12-09,139.28412555797811,11106144
2021-12-10,141.979213564666,7314161
2021-12-13,145.98007576733238,7453655
2021-12-14,148.40268194120887,11503030
2021-12-15,147.41736337228198,19499319
2021-12-16,148.3431901083756,16678642
2021-12-17,145.9485196364364,19252203
2021-12-20,146.51701547331902,19457011
2021-12-21,141.9697427757988,5573494
2021-12-22,142.58653678151188,16843371
2021-12-23,142.4592244543852,17107094
2021-12-24,143.60828546144126,1538700
2021-12-27,143.59080111633347,3953338
2021-12-28,145.7799966024009,13844845
2021-12-29,143.804640460818,13087239
2021-12-30,145.79072777986485,16505909
2021-12-31,147.05018381958064,12010272
2022-01-03,149.97742399023048,5700051
2022-01-04,153.1480780932536,6536917
2022-01-05,150.56139191967077,4598947
2022-01-06,151.9843429975616,17259028
2022-01-07,148.84346679600966,6824666
2022-01-10,151.99828118314647,9386037
2022-01-11,149.6969582144627,14240409
2022-01-12,148.6913306629097,11741955
2022-01-13,149.28967178704954,16238291
2022-01-14,151.30249977518108,19949593
2022-01-17,152.33234147649713,13328131
2022-01-18,154.46167857838222,16428542
2022-01-19,154.511832747061,15028548
2022-01-20,155.20773621251536,6228894
2022-01-21,150.36441236178902,2764815
2022-01-24,153.18270920768038,9371745
2022-01-25,152.39720577200794,2601428
2022-01-26,151.2361372745567,7163552
2022-01-27,156.61725850033662,13865054
2022-01-28,149.1788652725842,10716777
2022-01-31,149.44990186261904,10717434
2022-02-01,143.55864291018483,13107176
2022-02-02,144.4530652033722,5503687
2022-02-03,142.66089708661218,19867277
2022-02-04,135.33500779190075,19311931
2022-02-07,138.02814051061864,3544159
2022-02-08,134.87409113006186,19874677
2022-02-09,137.21087507599526,2572047
2022-02-10,134.83812522215135,6843233
2022-02-11,133.72934472147355,13351856
2022-02-14,128.35672050618754,14515254
2022-02-15,129.35451356720426,11336408
2022-02-16,128.03785830131906,10772192
2022-02-17,127.20855664865557,9761657
2022-02-18,127.00385539385047,8166449
2022-02-21,123.30404221554383,8235912
2022-02-22,124.85999039964705,16497480
2022-02-23,123.61229688316487,5380195
2022-02-24,128.83900123661786,10206769
2022-02-25,127.74432735013657,1365693
2022-02-28,126.86436420803534,11812662
2022-03-01,123.81642324842252,3820285
2022-03-02,120.28393045980728,14374951
2022-03-03,122.21153041392057,3088547
2022-03-04,124.58073645141084,3754645
2022-03-07,123.33161628595285,16632770
2022-03-08,123.61360704474306,18929535
2022-03-09,126.42057104218628,8466080
2022-03-10,127.09369805668459,9015863
2022-03-11,128.22048047804014,14280311
2022-03-14,128.434890107692,17409109
2022-03-15,126.94790648090034,6727170
2022-03-16,127.84453631499495,18252712
2022-03-17,132.2217520495077,1537941
2022-03-18,131.00203875537977,11129092
2022-03-21,133.07691536865397,11122994
2022-03-22,133.52542146057212,18662835
2022-03-23,132.12859977913385,16451344
2022-03-24,134.28853553658072,7986806
2022-03-25,136.19839817136275,16939562
2022-03-28,137.6424973488228,13516821
2022-03-29,142.0579120959552,15123901
2022-03-30,146.84456633802526,9276737
2022-03-31,147.00198104044526,3544115
2022-04-01,146.73614434847556,9547387
2022-04-04,143.02840794637615,7399808
2022-04-05,147.04533282342973,11855015
2022-04-06,146.86684084734273,7746072
2022-04-07,145.28063649462723,19651321
2022-04-08,142.87436974215362,8285619
2022-04-11,140.48994850981643,5550550
2022-04-12,145.0230771831104,7157096
2022-04-13,147.40175606964243,4125990
2022-04-14,143.52052924520575,10616878
2022-04-15,139.84324129977244,3377198
2022-04-18,140.16435009567712,10360106
2022-04-19,137.63694087670237,12392290
2022-04-20,137.02759249661094,9820249
2022-04-21,140.92625017627844,13924543
2022-04-22,143.6796568836072,12476203
2022-04-25,139.33503880326643,15851029
2022-04-26,136.8357459250492,6811738
2022-04-27,137.4559893680976,10429142
2022-04-28,140.29391136575498,16662120
2022-04-29,138.247564773378,18846832
2022-05-02,139.18159131368262,2397819
2022-05-03,138.0603591235032,14023939
2022-05-04,142.4980222193105,17778463
2022-05-05,144.1178821600395,10438259
2022-05-06,143.63177007299603,13819603
2022-05-09,139.83300269921654,18700460
2022-05-10,137.20040860213933,7107748
2022-05-11,131.11681253374744,10067909
2022-05-12,131.7740974818893,5102152
2022-05-13,133.3767333143974,10819174
2022-05-16,135.12143801320175,6664344
2022-05-17,133.64968091567866,2039551
2022-05-18,136.77857916622077,14730360
2022-05-19,140.7474969579085,12951119
2022-05-20,139.0857878523091,18834671
2022-05-23,142.08964134731556,9809905
2022-05-24,142.46204210064516,7378114
2022-05-25,141.1317521230129,5363583
2022-05-26,144.3087927728812,7853969
2022-05-27,141.2227027611129,17551690
2022-05-30,137.51171910686855,4102459
2022-05-31,136.54817031145834,18094381
2022-06-01,136.00121519331236,12687928
2022-06-02,132.0504907896224,3816710
2022-06-03,133.23524311647782,7880299
2022-06-06,131.38961686152888,15062783
2022-06-07,128.34202775887027,10859539
2022-06-08,129.86466670885275,18725491
2022-06-09,128.8776506024386,6104315
2022-06-10,131.3676322659843,8923248
2022-06-13,132.47130703314232,5778877
2022-06-14,132.01333429155136,1631293
2022-06-15,134.6618026262267,3495177
2022-06-16,135.6981762702401,16933444
2022-06-17,135.66356691010185,14155676
2022-06-20,136.9326087342368,16680105
2022-06-21,138.29451009908595,19447140
2022-06-22,135.6104581203153,19317610
2022-06-23,141.50483571840283,8928230
2022-06-24,141.69140199565985,13393920
2022-06-27,141.9293027588797,2212054
2022-06-28,137.5243421965201,19136054
2022-06-29,137.856677408294,18507685
2022-06-30,138.2975004323817,1250197
2022-07-01,135.47819950302772,3584508
2022-07-04,132.9799822649659,3456881
2022-07-05,130.85780747230388,12457983
2022-07-06,130.17758723944843,4281920
2022-07-07,130.6914183263211,8144997
2022-07-08,130.18093275308752,16512402
2022-07-11,130.90538734776717,1852381
2022-07-12,132.5194970145798,5578673
2022-07-13,133.83420618463836,10367813
2022-07-14,134.72768492140608,18837313
2022-07-15,135.43583112926007,17570771
2022-07-18,136.15628609023327,10484103
2022-07-19,135.8106510306768,10583511
2022-07-20,134.22059347638978,17068940
2022-07-21,134.00909515769084,9976941
2022-07-22,135.6074647325304,5233809
2022-07-25,137.21089771434873,6275086
2022-07-26,138.48483105578575,6385166
2022-07-27,137.31906915742536,2790557
2022-07-28,136.79875137091577,3593173
2022-07-29,136.2897706058753,11344808
2022-08-01,134.82210613780111,10145758
2022-08-02,137.02278511716221,3681447
2022-08-03,132.57076125824148,10478083
2022-08-04,137.4984562868431,4170745
2022-08-05,142.74254188300335,11928589
2022-08-08,142.88537453258533,6374793
2022-08-09,143.94573057729883,12340353
2022-08-10,146.17744895897397,18928897
2022-08-11,144.21113173594395,15167349
2022-08-12,145.706637191473,2791608
2022-08-15,149.22247806891147,8646922
2022-08-16,144.47253421092626,12254854
2022-08-17,140.78829746874766,5067288
2022-08-18,142.71660603019254,18371694
2022-08-19,142.0386813747968,6863335
2022-08-22,141.06774511916464,19844206
2022-08-23,140.25345483444679,14074978
2022-08-24,137.4507522982484,19806542
2022-08-25,136.4532577052787,7385535
2022-08-26,133.26181617923328,7009427
2022-08-29,136.45197732037474,10055089
2022-08-30,136.7933613970883,1369352
2022-08-31,137.0696822172677,12540936
2022-09-01,138.73824100420137,12113961
2022-09-02,145.898741926713,5068822
2022-09-05,143.17504693574077,15413339
2022-09-06,138.51907045576576,9966260
2022-09-07,138.45642434130184,4708123
2022-09-08,133.99125573458068,5103301
2022-09-09,133.19025843295577,16563317
2022-09-12,135.31689661510168,3153939
2022-09-13,139.10419769016593,6447253
2022-09-14,135.2519765324977,10835007
2022-09-15,132.98822896097772,16134427
2022-09-16,133.87451262155068,3261037
2022-09-19,135.71732060756324,5932557
2022-09-20,137.72634252344983,5593711
2022-09-21,141.44639069960303,11143836
2022-09-22,143.32797790416214,8604719
2022-09-23,143.03335188331954,13333607
2022-09-26,145.80841464161742,1474515
2022-09-27,146.00634313167794,7776206
2022-09-28,146.7447953940584,13166008
2022-09-29,145.45968549675982,1135495
2022-09-30,145.885281234194,19458851
2022-10-03,141.68230402544265,14619652
2022-10-04,144.36031787177802,11251707
2022-10-05,141.77597279813673,11018212
2022-10-06,139.54164237730595,15884063
2022-10-07,133.8320094401123,5730006
2022-10-10,131.87840451860262,6471944
2022-10-11,129.6357834125321,13924555
2022-10-12,130.15680655780588,12610207
2022-10-13,127.17171765890292,8027878
2022-10-14,126.17189315753915,9255040
2022-10-17,124.64923022565537,10055786
2022-10-18,120.77402890605104,3784775
2022-10-19,121.30491507645189,6888039
2022-10-20,120.83923402396165,9592787
2022-10-21,120.93822488456847,15308027
2022-10-24,122.77130856819561,19053839
2022-10-25,122.80023847251601,5067329
2022-10-26,122.07866039464979,1667993
2022-10-27,124.13537075967163,5398700
2022-10-28,123.42211085122152,3061683
2022-10-31,122.31841000906911,11004936
2022-11-01,123.81390522726134,1701624
2022-11-02,122.0998634211792,18270900
2022-11-03,124.70481557168134,18107730
2022-11-04,125.07788906873576,18823917
2022-11-07,128.67353391516312,19612486
2022-11-08,128.54772289801744,6470842
2022-11-09,130.77377426595126,5337575
2022-11-10,126.9843800402441,17844625
2022-11-11,129.96195801321994,8678916
2022-11-14,131.59762945695437,7984501
2022-11-15,130.0905374980519,4240767
2022-11-16,132.1449432384928,5391548
2022-11-17,129.17787557631962,16768498
2022-11-18,128.03944355882285,3895479
2022-11-21,126.10548816739305,4226487
2022-11-22,128.22399526748464,19930524
2022-11-23,131.15090658473736,14808402
2022-11-24,130.10834285280234,17887874
2022-11-25,127.17727297078054,9307651
2022-11-28,124.97306378551387,10380512
2022-11-29,125.19287293274351,9202339
2022-11-30,125.27140196343903,5028889
2022-12-01,124.5193314675757,9077790
2022-12-02,122.68576448939008,3151922
2022-12-05,126.34774358325103,10501416
2022-12-06,124.95803480015003,1162590
2022-12-07,123.11103276651126,1439657
2022-12-08,125.69251234224994,17379482
2022-12-09,125.06752261353797,8703799
2022-12-12,126.2379094235061,4663310
2022-12-13,124.2772930391113,19966518
2022-12-14,125.42711089141572,15035502
2022-12-15,127.11069119844746,15546816
2022-12-16,124.59456350798361,14680613
2022-12-19,123.41487481663034,18805555
2022-12-20,121.4332370724802,18806081
2022-12-21,120.2965755245329,19643518
2022-12-22,123.82627583538047,3519649
2022-12-23,124.41262606744847,9564361
2022-12-26,128.86536931483178,16472455
2022-12-27,132.36432561483474,15408503
2022-12-28,135.09985688633222,9573695
2022-12-29,138.69718542004324,5995233
2022-12-30,141.63761311211601,5954883
2023-01-02,146.06520308635135,17966616
2023-01-03,147.51900392033488,17346207
2023-01-04,149.36766417754953,18904954
2023-01-05,151.16221561719638,17404930
2023-01-06,149.98618301303398,16385216
2023-01-09,152.3033718455364,9694901
2023-01-10,155.806501858951,2814479
2023-01-11,154.147115796904,3033044
2023-01-12,151.80201036054268,14164864
2023-01-13,150.3188665345545,2428984
2023-01-16,154.0504450615869,7930959
2023-01-17,153.4096762019566,19704924
2023-01-18,150.4058865196934,14360490
2023-01-19,147.63513441936763,17101950
2023-01-20,145.26722842302323,19382843
2023-01-23,143.42945330716054,19790007
2023-01-24,139.87682238835134,7349013
2023-01-25,141.42410963273798,3106264
2023-01-26,140.95704710906563,5055930
2023-01-27,142.3338478529753,10970616
2023-01-30,136.58153248239185,11613350
2023-01-31,139.2575905714994,14233188
2023-02-01,139.0658190845115,15585822
2023-02-02,140.33712980569135,18431737
2023-02-03,144.24762782298956,19386647
2023-02-06,145.2204225346774,9846922
2023-02-07,150.86140962239062,13174120
2023-02-08,145.8569813241041,2952695
2023-02-09,145.04012405924374,1995454
2023-02-10,140.42141558105578,9804290
2023-02-13,141.23246216588294,11565554
2023-02-14,141.44122196412238,13015369
2023-02-15,138.70161507669076,9202316
2023-02-16,144.2500328302428,11622305
2023-02-17,143.33411493815402,13025353
2023-02-20,137.76743934568725,3107718
2023-02-21,139.47848679823213,19057907
2023-02-22,141.25016833437286,7301275
2023-02-23,140.05030581215607,15162380
2023-02-24,142.06607031368677,7981919
2023-02-27,139.67074461770247,7141941
2023-02-28,138.6398014696071,5679220
2023-03-01,139.63975219456722,3101955
2023-03-02,141.99671986444196,15172548
2023-03-03,141.4389463770309,10227154
2023-03-06,140.23011274503034,16101856
2023-03-07,140.14012856979042,7079844
2023-03-08,135.08548882232995,8821314
2023-03-09,134.4208752549634,7736030
2023-03-10,129.7261312214624,10020811
2023-03-13,127.78848406733229,17821912
2023-03-14,124.57068580317649,12026789
2023-03-15,125.77340735167584,2459995
2023-03-16,124.14189649881375,9466239
2023-03-17,126.95179936353725,12787230
2023-03-20,122.8123158538401,4832399
2023-03-21,122.28743379120452,3510405
2023-03-22,122.48592886108955,15317416
2023-03-23,123.58355199176637,18249773
2023-03-24,128.48113763291008,6957441
2023-03-27,124.0247387274914,13569201
2023-03-28,122.3572109810713,6683892
2023-03-29,126.84812229304124,2057317
2023-03-30,124.77486951372195,4779881
2023-03-31,125.78356242261006,4518226
2023-04-03,123.68609920275969,1258065
2023-04-04,120.63328693511288,17993185
2023-04-05,118.88725344246565,4998012
2023-04-06,123.20785700287007,4778251
2023-04-07,120.65977993106527,14254011
2023-04-10,120.02582972621737,9702551
2023-04-11,119.48890882662097,1022638
2023-04-12,121.48826930437848,6575345
2023-04-13,123.99455689081468,8889614
2023-04-14,124.24770974418463,10474560
2023-04-17,117.32666999193192,4837729
2023-04-18,115.47521553107087,16532025
2023-04-19,113.02302680579999,1175881
2023-04-20,115.41656057806013,11674837
2023-04-21,113.53019775105093,7259059
2023-04-24,117.03484668791938,12790901
2023-04-25,117.90970583742303,10151867
2023-04-26,120.35497337264722,14545556
2023-04-27,125.35495683081609,16250288
2023-04-28,123.25562879014821,4170661
2023-05-01,119.7254827701884,14242715
2023-05-02,120.14116912238956,3234985
2023-05-03,122.23443940801286,17063998
2023-05-04,120.7923475431425,9965410
2023-05-05,120.88357470156804,19442089
2023-05-08,123.57330930748095,17305511
2023-05-09,126.09803446838532,15884099
2023-05-10,124.79691305495336,1472897
2023-05-11,125.4204755520854,16666768
2023-05-12,123.3380551375061,1249919
2023-05-15,120.17267802303535,2067372
2023-05-16,123.15918632460438,12243193
2023-05-17,118.53165339507268,13256124
2023-05-18,118.9517446503986,9949052
2023-05-19,118.1733489564762,17487809
2023-05-22,119.35834702512207,7903015
2023-05-23,117.90749089151112,4139570
2023-05-24,120.36748542653523,9856386
2023-05-25,119.89896378021832,11744025
2023-05-26,123.0850279590916,8196420
2023-05-29,123.58322440399792,10911238
2023-05-30,121.28196144052421,1316982
2023-05-31,122.48447118261538,15831861
2023-06-01,123.42095545867474,15074111
2023-06-02,123.19577087519154,17464824
2023-06-05,121.55955015746075,15932860
2023-06-06,123.46969321901312,19043372
2023-06-07,121.35519464624427,14167872
2023-06-08,119.50299584729034,12412284
2023-06-09,120.65508639284768,19866496
2023-06-12,120.2101191632014,3321496
2023-06-13,116.04469063316513,16642295
2023-06-14,114.06419415738624,12011009
2023-06-15,114.91200397372275,17110012
2023-06-16,114.3668365168874,8921193
2023-06-19,114.1703211084331,17268642
2023-06-20,114.72158303815479,9542738
2023-06-21,115.6792859985391,3889192
2023-06-22,115.93290041503685,12311361
2023-06-23,109.20290467685236,8369978
2023-06-26,109.10531963016082,1671172
2023-06-27,108.106788823317,2757901
2023-06-28,108.17722877846296,7077887
2023-06-29,110.2873644423462,3798436
2023-06-30,108.18957935897751,17785978
2023-07-03,108.33733185685054,14863860
2023-07-04,109.28253431841807,3354726
2023-07-05,108.68622416395182,8476451
2023-07-06,106.16576659857266,17690099
2023-07-07,103.90027826789512,10358327
2023-07-10,103.84606886494409,18562499
2023-07-11,102.70319862392391,6925687
2023-07-12,99.21036537619801,2345618
2023-07-13,97.80505840945264,14062186
2023-07-14,95.55156148873961,9501568
2023-07-17,96.85714350978886,11320336
2023-07-18,94.3131133596382,1655623
2023-07-19,96.76520074736969,6592140
2023-07-20,100.61107475732885,18856110
2023-07-21,99.28870109091298,13016909
2023-07-24,98.20762585187768,19702059
2023-07-25,99.90018926969795,14434792
2023-07-26,101.87878609307309,18519280
2023-07-27,100.989863459576,4754319
2023-07-28,100.20366092227968,14391808
2023-07-31,99.43816456414925,8292669
2023-08-01,97.93515369499502,4126486
2023-08-02,99.565183253045,2434510
2023-08-03,99.85410578495022,6858576
2023-08-04,98.56872631548278,11230785
2023-08-07,98.69330339491925,16858893
2023-08-08,98.03330623339471,19325263
2023-08-09,102.56226869824425,8051829
2023-08-10,102.11418940170358,14646565
2023-08-11,103.49416326342079,16649299
2023-08-14,104.31757715025863,6801879
2023-08-15,104.0454921839596,17420971
2023-08-16,104.88378556573882,16083663
2023-08-17,105.29245433204755,7073636
2023-08-18,110.12363177780654,7775886
2023-08-21,109.94233650748053,17216791
2023-08-22,104.91322871090776,3571277
2023-08-23,109.14053345418871,17134765
2023-08-24,108.15472137140817,15411130
2023-08-25,108.33401611865715,14199700
2023-08-28,107.28954571019428,19759993
2023-08-29,106.14973832605668,11164140
2023-08-30,104.0440960024136,13010190
2023-08-31,100.37067216877749,6455689
2023-09-01,99.09264567052037,4849655
2023-09-04,100.02415409434973,7845154
2023-09-05,97.113091104085,17538236
2023-09-06,98.01027990981274,8924953
2023-09-07,102.19960597769337,11175120
2023-09-08,102.73883082732296,1994578
2023-09-11,100.21116325315451,18971498
2023-09-12,100.94994789957289,3436599
2023-09-13,102.71537712822824,10661272
2023-09-14,105.16578094229439,18571261
2023-09-15,105.53224615710961,1409794
2023-09-18,106.69736491293149,4584120
2023-09-19,108.35362958119393,17658745
2023-09-20,109.54561520269431,17961227
2023-09-21,110.1861636432339,5986826
2023-09-22,108.93724820716868,13355936
2023-09-25,110.83599638060977,2410560
2023-09-26,109.78311783861035,19453701
2023-09-27,115.05973338142807,15054973
2023-09-28,113.75358904117303,15470689
2023-09-29,115.42039557253428,11140853
2023-10-02,112.80784383275312,7012146
2023-10-03,111.85514259871226,8066744
2023-10-04,110.6861502048492,16244898
2023-10-05,108.00612571194256,19514796
2023-10-06,106.90585453887103,6643682
2023-10-09,107.61234244157014,14721983
2023-10-10,107.14489201640349,19766046
2023-10-11,109.48148652243974,14545319
2023-10-12,107.67204896248596,6552043
2023-10-13,109.04295069936252,1711006
2023-10-16,107.89683074803322,7105132
2023-10-17,110.12330458494216,8237152
2023-10-18,111.69828206832501,6728035
2023-10-19,113.76505416822353,11344755
2023-10-20,113.44643349424832,5709728
2023-10-23,116.20538651918365,13880178
2023-10-24,112.79587755610432,6266555
2023-10-25,113.71700425918782,7650959
2023-10-26,114.01168982160685,12691885
2023-10-27,115.74769214006068,19582413
2023-10-30,115.60156440563907,2156913
2023-10-31,113.5833116670649,6070944
2023-11-01,111.38396216797521,14972617
2023-11-02,111.37142413130641,16849683
2023-11-03,110.86227699003697,8465610
2023-11-06,112.59680360217364,1395055
2023-11-07,114.55814251064534,1848132
2023-11-08,114.66827289055907,2994673
2023-11-09,114.73273635496093,4288694
2023-11-10,116.9642596032737,2506560
2023-11-13,116.46135423824435,6086529
2023-11-14,116.04578003571625,16426365
2023-11-15,113.32677167880088,3031095
2023-11-16,115.14470372061518,14135643
2023-11-17,114.9702029898351,11837595
2023-11-20,117.35885386241979,10677655
2023-11-21,114.8480706380908,5835761
2023-11-22,113.8480519053376,4750206
2023-11-23,115.81499337354005,11617409
2023-11-24,116.50864264666917,14577625
2023-11-27,114.0650751867162,14819973
2023-11-28,115.98666019849497,16714205
2023-11-29,113.30563320271241,4897143
2023-11-30,115.01840646175216,8651653
2023-12-01,113.01928450405367,7345014
2023-12-04,115.5224661181978,17447585
2023-12-05,115.76902595393786,16602050
2023-12-06,116.49984838993267,12316197
2023-12-07,116.3416598664466,8315251
2023-12-08,116.53706365547745,15618590
2023-12-11,116.72288894773027,11170351
2023-12-12,118.22676945055109,8421302
2023-12-13,118.10465359561607,2071319
2023-12-14,121.2667516017239,9605526
2023-12-15,119.68247479314158,12407890
2023-12-18,121.5631715587092,8713602
2023-12-19,122.81623498361868,6887069
2023-12-20,125.58595456020048,18974766
2023-12-21,125.87218775020828,6316238
2023-12-22,126.63344394623364,7958971
2023-12-25,127.37332729612795,11365725
2023-12-26,124.62830782703504,1518090
2023-12-27,125.52747424832943,19257096
2023-12-28,133.15088704014946,15449410
2023-12-29,137.07771813568888,16142973
2024-01-01,135.180394521878,2480659
2024-01-02,130.8826050914585,2138855
2024-01-03,131.0187040226581,15841873
2024-01-04,133.61198871735064,15495870
2024-01-05,133.53242454686813,13303230
2024-01-08,138.165171905299,13087354
2024-01-09,136.2519027937952,5659201
2024-01-10,136.81845570259284,4860337
2024-01-11,136.5648591019705,7355125
2024-01-12,138.3885228006674,16329910
2024-01-15,140.40957241317503,17793966
2024-01-16,143.46040829270254,16766113
2024-01-17,143.15504617034958,5024848
2024-01-18,146.44772561297378,17308859
2024-01-19,147.37468538773012,6964427
2024-01-22,151.04128037605008,5823523
2024-01-23,155.18947745038713,2011365
2024-01-24,155.25614728808094,8521419
2024-01-25,153.39957096087164,10361821
2024-01-26,153.9784041187447,4566510
2024-01-29,156.76438589680225,14822073
2024-01-30,152.5897815266864,11680934
2024-01-31,151.2518201622335,12593692
2024-02-01,153.1369859098112,19275171
2024-02-02,146.1817353222004,16822876
2024-02-05,143.50009503240156,9019335
2024-02-06,141.93954289775508,16689370
2024-02-07,141.7405720940436,17708219
2024-02-08,140.93599448597473,4737882
2024-02-09,140.1836983872942,3473138
2024-02-12,136.87853149152082,7012588
2024-02-13,141.32322808733545,2375244
2024-02-14,139.79931532044054,9731893
2024-02-15,135.1051678666734,16330286
2024-02-16,137.9081713769221,8295632
2024-02-19,136.01109720702715,14232692
2024-02-20,133.0890921104296,7788393
2024-02-21,134.73675341275458,4770281
2024-02-22,133.49760691210196,17149170
2024-02-23,133.91647823263804,1441380
2024-02-26,132.41120595618906,16689909
2024-02-27,131.32556761373027,2147564
2024-02-28,129.0129947457876,1900948
2024-02-29,126.23696832643992,8177822
2024-03-01,134.39036442244483,1304688
2024-03-04,132.4155353989494,11758198
2024-03-05,128.98732806307214,9971737
2024-03-06,131.65204592172708,10848876
2024-03-07,132.29836676020764,18847171
2024-03-08,132.35307364804297,8776326
2024-03-11,131.2088960804026,17147120
2024-03-12,130.26531366634697,14237985
2024-03-13,129.58283763443197,17714337
2024-03-14,132.27432778887268,8188850
2024-03-15,131.6974756898792,4898573
2024-03-18,134.4508817715569,18028989
2024-03-19,134.33449952355195,15344638
2024-03-20,133.8527529823134,9157863
2024-03-21,131.42761537930045,1273037
2024-03-22,136.6142586030373,19536676
2024-03-25,136.66476115038583,18656102
2024-03-26,136.67542186757427,17077286
2024-03-27,141.340033113088,12023668
2024-03-28,142.41789807117303,2975735
2024-03-29,143.79025519850003,4208847
2024-04-01,143.95932950564307,5325290
2024-04-02,141.98154127931627,6792160
2024-04-03,145.13999130945055,19530127
2024-04-04,141.50065843447913,4600259
2024-04-05,139.04853440160528,3169859
2024-04-08,137.13093477489372,16204952
2024-04-09,137.7663110363949,6316834
2024-04-10,137.7408161763788,12992351
2024-04-11,133.2124673115358,14801337
2024-04-12,138.90059385783542,19157406
2024-04-15,140.82747152715373,16261288
2024-04-16,139.60233389556413,19457745
2024-04-17,140.7095632489771,6990222
2024-04-18,141.86043271737844,5503222
2024-04-19,141.03403080821457,15379117
2024-04-22,142.05165073056813,15862161
2024-04-23,143.1068608618351,5534340
2024-04-24,145.9606670691609,1780873
2024-04-25,146.15683761203744,9260142
2024-04-26,147.02016169813703,10577857
2024-04-29,146.48310888188087,19165567
2024-04-30,145.35929134088488,7453289
2024-05-01,143.3741063953265,12973150
2024-05-02,141.3281623916446,18195146
2024-05-03,140.16458574190372,10940428
2024-05-06,139.58472810104925,7312779
2024-05-07,142.14928972073344,15000397
2024-05-08,141.1962308629464,7880863
2024-05-09,140.36745137521177,12575989
2024-05-10,139.6446366735691,4354361
2024-05-13,139.53823562856644,6530417
2024-05-14,143.8837838419565,14545162
2024-05-15,142.91947094402448,5015861
2024-05-16,144.38471078537708,5887078
2024-05-17,145.3109533557892,7455195
2024-05-20,145.4879529996337,14262756
2024-05-21,143.01467910390377,14987583
2024-05-22,144.38354289311783,14704297
2024-05-23,139.47868371220167,14523205
2024-05-24,136.95354826110847,1967546
2024-05-27,135.638463169025,5961321
2024-05-28,135.10489232672697,16836395
2024-05-29,135.32303031035772,7047536
2024-05-30,138.76846760552684,8602866
2024-05-31,140.36552044737792,9150354
2024-06-03,140.80691147930605,5700934
2024-06-04,139.97206754187704,14948277
2024-06-05,139.1685934966115,5993400
2024-06-06,136.36907790213758,17417428
2024-06-07,131.30597790328824,12529694
2024-06-10,128.33900984033286,4933674
2024-06-11,131.08558996446666,2636030
2024-06-12,129.42992667220716,1694251
2024-06-13,128.22609150175353,7247470
2024-06-14,130.61759080075404,12607596
2024-06-17,124.56396394719678,13304592
2024-06-18,123.2692683606868,13434422
2024-06-19,120.86914639959043,3917670
2024-06-20,121.52171058834134,14669065
2024-06-21,122.75826922324052,7633668
2024-06-24,124.04371140277071,9349793
2024-06-25,127.47011481358116,12652812
2024-06-26,128.76047058948325,18090202
2024-06-27,129.35166455853548,18357732
2024-06-28,135.15682127909574,12881237
2024-07-01,130.09080376279076,7709016
2024-07-02,135.36102335983674,18983872
2024-07-03,139.68645167215718,10831110
2024-07-04,139.32763488641575,17504737
2024-07-05,137.57943798398213,16475717
2024-07-08,135.97243709637897,12588332
2024-07-09,135.28161762812127,17158470
2024-07-10,138.24024529544258,6184725
2024-07-11,132.2496115873429,1217035
2024-07-12,137.13507240346516,2257751
2024-07-15,137.14648507054542,16018191
2024-07-16,140.096558912947,17942544
2024-07-17,137.04359319532225,11311251
2024-07-18,138.85422250720654,5536865
2024-07-19,139.83817473171328,17786459
2024-07-22,141.27921489071468,2115339
2024-07-23,139.54480946590226,19086098
2024-07-24,138.60081251971027,16894517
2024-07-25,135.56711517124216,14562557
2024-07-26,137.45828769480346,16907865
2024-07-29,140.8346383834061,19836727
2024-07-30,141.56628780973003,7330100
2024-07-31,134.9142838532845,14647176
2024-08-01,138.26338595394827,4990325
2024-08-02,138.57405335984373,17611445
2024-08-05,132.12200374378676,16352197
2024-08-06,128.14556358905406,11479993
2024-08-07,125.75063145093002,6379619
2024-08-08,125.76228026024293,12384328
2024-08-09,123.48336671009558,7031715
2024-08-12,121.53318817437099,13689302
2024-08-13,123.56138713099325,12529568
2024-08-14,126.24330304472453,14860682
2024-08-15,128.43227373002904,7141870
2024-08-16,124.71781840750296,19101928
2024-08-19,126.86553633622869,11311067
2024-08-20,125.78920595861682,4002041
2024-08-21,130.3252816319232,3284709
2024-08-22,130.9503807443401,1857643
2024-08-23,133.86255675551746,19646891
2024-08-26,135.22285897252726,11209636
2024-08-27,136.2941319397029,5569230
2024-08-28,135.40761985178344,16589586
2024-08-29,138.39665817680222,13911132
2024-08-30,140.74951306507404,8841335
2024-09-02,139.92723788455743,19599007
2024-09-03,138.8363814709544,19704527
2024-09-04,137.08100889644118,3257920
2024-09-05,139.12711220963823,14068748
2024-09-06,139.73422135864814,5090447
2024-09-09,140.47367821149567,4507768
2024-09-10,139.57905214673204,14652634
2024-09-11,143.30446041298066,4185267
2024-09-12,139.52881428393275,1861445
2024-09-13,141.52121197761033,1499585
2024-09-16,144.0591902931483,10993333
2024-09-17,143.25275546782805,14616960
2024-09-18,139.57655138099943,3207791
2024-09-19,140.55493909257567,5721944
2024-09-20,143.6292388067259,14530347
2024-09-23,148.2990485145125,18830232
2024-09-24,150.07854635933865,19499428
2024-09-25,148.44457669780235,19853781
2024-09-26,150.32372960692268,10685004
2024-09-27,151.69936668913184,16804107
2024-09-30,152.59603229523051,11836872
2024-10-01,150.20043987854646,4816513
2024-10-02,151.84238760243792,3913797
2024-10-03,153.1474720508337,15048547
2024-10-04,160.0040748652455,19748612
2024-10-07,160.2723158359462,11087622
2024-10-08,165.25521130773282,9567535
2024-10-09,169.4629846960972,4861963
2024-10-10,169.63235551651312,13494202
2024-10-11,173.46970972254678,11444428
2024-10-14,171.05789128244868,1702954
2024-10-15,170.48424854963483,11184718
2024-10-16,168.86488340445283,6797651
2024-10-17,168.4035678941387,12125845
2024-10-18,162.45257582455557,9054595
2024-10-21,167.81714191960486,12132477
2024-10-22,166.91652374334092,18228582
2024-10-23,169.31466892848505,10993678
2024-10-24,170.08100324162052,6082464
2024-10-25,169.26838288651854,3220412
2024-10-28,165.43806797807787,9038680
2024-10-29,162.7546579258993,8581315
2024-10-30,162.0819090986212,4016518
2024-10-31,160.71912496899833,6765336
2024-11-01,157.9423587518621,18043259
2024-11-04,156.0166104963383,14362147
2024-11-05,157.33280273848547,4594063
2024-11-06,159.85182779050504,15535550
2024-11-07,156.54614173377834,14004189
2024-11-08,154.10113633317428,5510728
2024-11-11,154.71419917447747,13552049
2024-11-12,154.2750870370278,1915201
2024-11-13,153.27670802400397,19848019
2024-11-14,155.85841743384637,8914998
2024-11-15,156.39340375439988,11763790
2024-11-18,151.90538806000066,15808700
2024-11-19,149.74996874368884,18457243
2024-11-20,145.35332828798698,12403746
2024-11-21,144.89975944969348,10655724
2024-11-22,141.49099691959688,9085217
2024-11-25,137.0897983831354,8791922
2024-11-26,132.12411524342136,19500421
2024-11-27,136.94248073654808,1002617
2024-11-28,133.63128350993048,3143238
2024-11-29,132.88745338513104,17153620
2024-12-02,133.04310564876118,19999017
2024-12-03,133.3418288081899,18149919
2024-12-04,134.85390825987864,17210747
2024-12-05,134.7436237868781,14300082
2024-12-06,133.66131408475235,1481232
2024-12-09,134.20446144003088,4874912
2024-12-10,134.72480582214467,13059996
2024-12-11,134.86131844401592,12722185
2024-12-12,136.43973514897917,9795282
2024-12-13,134.9250916069898,17073933
2024-12-16,134.4517509989155,11213086
2024-12-17,131.29420720537087,10746138
2024-12-18,130.72970340765588,6996442
2024-12-19,129.24956920427653,14758056
2024-12-20,131.74149652140454,4962984
2024-12-23,128.3315857037664,6280437
2024-12-24,127.2512331928366,15892059
2024-12-25,126.0688558422048,7540516
2024-12-26,127.61306517182516,4650339
2024-12-27,124.72707648564763,7550278
2024-12-30,124.74790486227819,13447761
2024-12-31,124.9371362475687,4957910
2025-01-01,127.04443598485024,9484891
2025-01-02,125.11693980724728,9259205
2025-01-03,122.21913043176731,7749557
2025-01-06,123.28101877637631,5749473
2025-01-07,120.23639773880755,4321641
2025-01-08,119.12227452452451,6453872
2025-01-09,118.62358588475465,9950803
2025-01-10,119.95764647284385,13615744
2025-01-13,116.68606384253413,5267152
2025-01-14,116.0773860404103,9567515
2025-01-15,116.14342622041298,12821170
2025-01-16,114.36868290335094,13406057
2025-01-17,113.64620487480539,13615591
2025-01-20,115.49105010317791,10719684
2025-01-21,114.45316261106386,5250461
2025-01-22,113.71719129370237,11569416
2025-01-23,115.55603396000232,8449747
2025-01-24,115.11476202811089,11000586
2025-01-27,117.93335667066546,12534903
2025-01-28,114.51762274671644,14873353
2025-01-29,113.96686816712297,16923031
2025-01-30,115.58208990715724,5237406
2025-01-31,114.10657375062766,13113939
2025-02-03,113.63755862427033,19381252
2025-02-04,116.2628558044048,9054385
2025-02-05,114.6643609249249,12113123
2025-02-06,115.67632739610546,9369489
2025-02-07,117.25320603221371,15689333
2025-02-10,117.42680389958242,8858402
2025-02-11,117.52316020043848,13375055
2025-02-12,115.38645092457278,11672758
2025-02-13,116.92650910332453,5652431
2025-02-14,114.32755094186766,2218059
2025-02-17,115.14703465225841,12987311
2025-02-18,114.08897725206369,5446796
2025-02-19,113.29253368607179,4783992
2025-02-20,112.8941226578442,1423311
2025-02-21,113.92511634823197,11025814
2025-02-24,117.18528588484092,11908041
2025-02-25,117.43210591115715,6674421
2025-02-26,115.93153616809151,8700301
2025-02-27,112.97740408752381,4616686
2025-02-28,115.37259583713286,7297459
2025-03-03,115.7489455972505,11584855
2025-03-04,115.27891510689186,3461413
2025-03-05,115.41194026083419,4119580
2025-03-06,117.02736054115132,1820221
2025-03-07,116.17834557232013,14721451
2025-03-10,114.80536764156963,12837919
2025-03-11,112.14126733240015,4003097
2025-03-12,109.99483793035263,11694159
2025-03-13,109.32529591023896,15066639
2025-03-14,111.47183379945122,5999850
2025-03-17,110.46726639397887,15553959
2025-03-18,110.99774529547321,17292691
2025-03-19,113.27870852023308,8462503
2025-03-20,114.07121830298514,19622301
2025-03-21,118.2084569561709,9085422
2025-03-24,118.36453709214365,19612871
2025-03-25,118.0423552563822,8586543
2025-03-26,117.24586780643926,5375782
2025-03-27,121.5389778339815,1704694
2025-03-28,124.24868825791864,17473835
2025-03-31,121.03944293255202,10503484
2025-04-01,125.73770839299534,10686092
2025-04-02,126.8825310289458,5335719
2025-04-03,127.1903174908437,4717884
2025-04-04,128.39526222122353,17410478
2025-04-07,126.21102539169951,18718783
2025-04-08,126.67178948772774,18871590
2025-04-09,125.98247895486747,8603438
2025-04-10,125.18049483345584,2745224
2025-04-11,127.37254881995086,12154821
2025-04-14,126.78031904262825,13232594
2025-04-15,127.02060727833572,1787561
2025-04-16,127.78493399152467,16169996
2025-04-17,129.9868857285082,15877440
2025-04-18,133.00118154901068,16398202
2025-04-21,133.0499775829115,6800914
2025-04-22,132.16034115165323,2254511
2025-04-23,136.78142433539895,15130638
2025-04-24,130.58683797635524,4840264
2025-04-25,132.65495503695507,15830257
2025-04-28,132.32466454184578,7538305
2025-04-29,133.70388946007293,18120882
2025-04-30,133.81557980458754,6665422
2025-05-01,136.95183520817847,7822846
2025-05-02,138.0027389788773,1183470
2025-05-05,134.5312427072972,14554940
2025-05-06,131.04084378564386,17771912
2025-05-07,130.5476427848433,12739312
2025-05-08,131.99652652978435,4720663
2025-05-09,135.152713568203,11171632
2025-05-12,133.54733276148423,6854607
2025-05-13,128.34873703170734,6390756
2025-05-14,129.36146303008698,2852346
2025-05-15,129.4730883749437,10883542
2025-05-16,129.8202988319315,19020926
2025-05-19,127.28509882566911,5042655
2025-05-20,130.06049963581802,18531140
2025-05-21,128.17622849890077,7816496
2025-05-22,128.9018244528066,18248737
2025-05-23,129.55603972875608,12695056
2025-05-26,130.85782329125783,18130745
2025-05-27,129.12856272175986,9064922
2025-05-28,127.01281306535802,12271463
2025-05-29,128.99105134782837,19174273
2025-05-30,130.29361218547996,17047576
2025-06-02,131.09492468305902,17700833
2025-06-03,133.79185826537906,18719293
2025-06-04,134.63075052225633,5811341
2025-06-05,133.75036248394522,12758499
2025-06-06,135.0167581179961,10354535
2025-06-09,136.12959684789584,3588475
2025-06-10,137.31359716445132,17936859
2025-06-11,135.16174690506193,19313665
2025-06-12,132.81391165722414,4385068
2025-06-13,134.94831633049907,9140371
2025-06-16,134.60178108267908,9571022
2025-06-17,129.98812411445456,15369519
2025-06-18,126.83139743923768,19898197
2025-06-19,123.86907521691795,2388512
2025-06-20,126.28446339204473,7711376
2025-06-23,126.18716246485043,3607861
2025-06-24,126.28012032418066,11209516
2025-06-25,125.49226481913955,4989154
2025-06-26,123.1356073465714,5026482
2025-06-27,124.84370594840716,4689742
2025-06-30,126.33087988469747,18165399
2025-07-01,124.75145101465766,5477406
2025-07-02,127.95266404494724,19677197
2025-07-03,129.69286849727214,19582683
2025-07-04,127.72762605931514,5507787
2025-07-07,127.08148817689992,11016936
2025-07-08,126.25519819564089,8058531
2025-07-09,126.97983852478023,5328447
2025-07-10,123.76850393485539,4627325
2025-07-11,122.21992542205152,9241119
2025-07-14,123.99252039050916,12615798
2025-07-15,120.51301730915029,13445597
2025-07-16,120.09683067025131,14080091
2025-07-17,117.48674339699562,2681910
2025-07-18,119.44585349104736,3277904
2025-07-21,120.19827783288451,15729171
2025-07-22,117.07608805727648,8739380
2025-07-23,114.91129129033908,5898046
2025-07-24,114.95157052584585,16720661
2025-07-25,110.286838227732,13228221
2025-07-28,108.1351919844821,9169354
2025-07-29,106.55387465718519,2521863
2025-07-30,109.0577778052184,17840181
2025-07-31,107.9424032038567,18566203
2025-08-01,109.24210909944398,19322465
2025-08-04,108.3269213275881,3418752
2025-08-05,109.79944383061,4326233
2025-08-06,106.78480473651334,3940812
2025-08-07,105.41413347146704,5707524
2025-08-08,105.21743319388189,3983247
2025-08-11,105.56533676198708,3515985
2025-08-12,106.19300382270092,3596794
2025-08-13,106.57265252834067,18348809
2025-08-14,107.55841405105036,17006206
2025-08-15,107.54671261500756,11242355
2025-08-18,107.8949557856728,1072136
2025-08-19,105.95563481353048,3641644
2025-08-20,102.92446060138259,2774345
2025-08-21,100.88425607978502,8758906
2025-08-22,97.8766236252226,1656582
2025-08-25,98.28266096331139,10047126
2025-08-26,99.96811478151702,5361225
2025-08-27,98.28679826078934,7984425
2025-08-28,100.09731137244356,12512071
2025-08-29,100.92474025253884,7431035
2025-09-01,99.93376485842066,2099568
2025-09-02,99.31718398615753,18837123
2025-09-03,101.34162702737007,13351798
2025-09-04,97.1999376343488,3441870
2025-09-05,99.17397402871651,17163038
2025-09-08,100.79653613575834,12305568
2025-09-09,99.74310273574996,8433439
2025-09-10,99.58649109100124,15950288
2025-09-11,102.55595968634546,9810726
2025-09-12,100.17620449482982,19859401
2025-09-15,99.8584768430139,12301568
2025-09-16,101.0387546395909,9655997
2025-09-17,101.43101033318092,9267723
2025-09-18,101.53624879935488,2918485
2025-09-19,104.92204998842607,11878836
2025-09-22,102.86016191271153,3382697
2025-09-23,100.92018860490893,18498323
2025-09-24,96.46645395378894,18929398
2025-09-25,94.62099134121388,10404973
2025-09-26,93.50434532178708,2819460
2025-09-29,94.05365502306374,2652508
2025-09-30,95.70216671518972,1689957
2025-10-01,94.06540620207983,12001069
2025-10-02,93.83352666676245,5220014
2025-10-03,96.23074399492224,11984422
2025-10-06,95.91610970568752,19174956
2025-10-07,96.82551750161207,14505187
2025-10-08,98.80876450590684,6707723
2025-10-09,97.1783905198829,13986995
2025-10-10,95.22554129162673,14527368
2025-10-13,98.0548292146773,1956521
2025-10-14,99.09238986826188,1667312
2025-10-15,96.7632340744882,17571615
2025-10-16,94.94969411519024,7948066
2025-10-17,94.61731959033337,2182167
2025-10-20,97.03057978919679,6714797
2025-10-21,98.77034286403841,2812479
2025-10-22,100.69584593773104,2291023
2025-10-23,99.91790482797417,10908414
2025-10-24,99.91412099779072,8958098
2025-10-27,98.49844043689501,7091757
2025-10-28,97.77402009302972,10504780
2025-10-29,95.82736798012782,3369474
2025-10-30,94.34459803405983,15420439
2025-10-31,93.12878232895902,15640971
2025-11-03,92.89515464076955,15428275
2025-11-04,93.61064093527683,4788653
2025-11-05,96.47049826708098,4839418
2025-11-06,95.8474843630918,18808897
2025-11-07,96.87689242922384,8116154
2025-11-10,96.57453208666185,4423011
2025-11-11,98.27275369091588,12666854
2025-11-12,96.08673931872987,14680057
2025-11-13,95.17440055846562,1163310
2025-11-14,96.32638264985009,2180287
2025-11-17,97.34978548289746,15978200
2025-11-18,98.41660804419176,12660545
2025-11-19,100.95510657135101,12619292
2025-11-20,97.86304653694769,13456249
2025-11-21,95.68762748757925,13589616
2025-11-24,96.66888693618112,6627281
2025-11-25,98.10447885113649,3629735
2025-11-26,99.27806924132169,11485168
2025-11-27,104.24888553654856,15360810
2025-11-28,102.55461013763107,4932329
2025-12-01,103.24875438935864,16648513
2025-12-02,103.12740321748583,6200117
2025-12-03,104.29777364508645,10116271
2025-12-04,105.01622284897965,2972170
2025-12-05,104.05275111530902,10308932
2025-12-08,104.79210360956135,13071546
2025-12-09,104.96016145090798,8270980
2025-12-10,105.21315971845611,17370883
2025-12-11,107.39315541608164,12502561
2025-12-12,112.30840697472642,11293838
2025-12-15,108.51631144844416,8627647
2025-12-16,111.0743328834879,17063168
2025-12-17,112.37754889999421,17686628
2025-12-18,110.89835267530087,6494027
2025-12-19,110.18795681933848,6449370
2025-12-22,111.96258321447884,8328080
2025-12-23,112.07568245216054,4361381
2025-12-24,111.98808089455284,17828657
2025-12-25,110.62351300506786,5014113
2025-12-26,109.13317942367709,11768243
2025-12-29,107.26328776258605,15271023
2025-12-30,106.29391110145077,14068999
2025-12-31,106.0589107148624,8668818
2026-01-01,106.74842871018113,19422706
2026-01-02,105.1891557805066,12642970
2026-01-05,106.64009013952627,18633078
2026-01-06,104.9219771813043,4477400
2026-01-07,106.39484351271538,19718600
2026-01-08,104.75967547271108,1942868
2026-01-09,108.64399639969524,9715295
2026-01-12,109.93026527058541,18176148
2026-01-13,111.61826428721271,7591513
2026-01-14,111.28435246780971,14225877
2026-01-15,112.51839512267044,15642588
2026-01-16,110.0217278645349,13900271
2026-01-19,108.11645329098245,19966083
2026-01-20,107.53072455078447,17283846
2026-01-21,110.52024540546833,11889204
2026-01-22,112.55218643224754,18107042
2026-01-23,108.1218996961806,12513964
2026-01-26,106.2303777686543,10533970
2026-01-27,106.07515846652029,16943045
2026-01-28,108.51211386292039,13737707
2026-01-29,109.00101757611883,2549975
2026-01-30,104.14502055576577,11721703
2026-02-02,101.97998550458973,3937844
2026-02-03,103.32070731767575,18564891
2026-02-04,103.71135066959282,1257649
2026-02-05,103.97392258568792,10190820
2026-02-06,106.08659467677757,5806845
2026-02-09,105.43816030703664,15035034
2026-02-10,106.78346021075832,10127220
2026-02-11,109.99734725529754,4600729
2026-02-12,110.45367030700133,8782320
2026-02-13,108.70060526307374,12425884
2026-02-16,107.88007794867181,12755575
2026-02-17,106.15093451153125,5116753
2026-02-18,101.9644004898257,15032501
2026-02-19,100.53378684649117,5680755
2026-02-20,101.70057148221983,18846692
2026-02-23,101.72794759709839,12577780
2026-02-24,104.25728808275953,2285165
2026-02-25,104.53818315223464,9025359
2026-02-26,106.22478409305229,16639681
2026-02-27,102.92323427034837,5826007
2026-03-02,102.12403483981113,5132042
2026-03-03,101.64099655688476,3882074
2026-03-04,100.15199073493959,14661713
2026-03-05,102.95092241951116,16615779
2026-03-06,99.44588533902834,15481501
2026-03-09,99.25217042645865,3713154
2026-03-10,101.30633838638718,7283386
2026-03-11,102.71821057017077,6352538
2026-03-12,102.02856668183684,18398746
2026-03-13,100.39902385721163,16314961
2026-03-16,102.4003882296206,5070669
2026-03-17,101.4545237404684,19002012
2026-03-18,99.95912314846517,18394402
2026-03-19,101.78500481939862,11726458
2026-03-20,102.3599584294298,6519691
2026-03-23,101.723589615089,14101989
2026-03-24,102.33104908050171,13817411
2026-03-25,103.16457418738335,12922895
2026-03-26,103.07512331564256,6877648
2026-03-27,103.37107082992097,7814256
2026-03-30,99.43428242043097,18412157
2026-03-31,99.25538137346857,16538461
2026-04-01,98.1290363378941,15946231
2026-04-02,96.73692965120264,10953229
2026-04-03,95.56159557427004,19002225
2026-04-06,94.72060030161707,18913689
2026-04-07,94.22475443490247,2228579
2026-04-08,94.51628701388884,8659198
2026-04-09,93.28586825603414,17252710
2026-04-10,94.16929591574427,18838421
2026-04-13,95.43446202739638,16969891
2026-04-14,96.69876963670593,5181828
2026-04-15,98.35005399282265,11773769
2026-04-16,97.35875630364687,19742292
2026-04-17,96.8952114155798,19082610
2026-04-20,97.33599881973136,9544639
2026-04-21,96.60396929998792,3347286
2026-04-22,94.61981556520038,10088451
2026-04-23,93.77745210188142,17986267
2026-04-24,96.58745630828909,15712667
2026-04-27,95.31354795132188,12551403
2026-04-28,93.97084215933181,16520352
2026-04-29,93.05958333201536,19471178
2026-04-30,94.00655419938981,1738798
2026-05-01,94.60674244873884,15972766
2026-05-04,95.8266698152704,15006819
2026-05-05,100.30610982885243,14520658
2026-05-06,101.80971709207557,10509275
2026-05-07,103.48188726438754,1103041
2026-05-08,108.9588564535122,5628743
2026-05-11,109.9342474231049,6777196
2026-05-12,109.17241646886895,11028515
2026-05-13,108.58972921412926,10799252
2026-05-14,110.68620134903009,8245371
2026-05-15,108.23091868293186,16227345
2026-05-18,104.51477137707786,19718179
2026-05-19,102.99178634704688,11334859
2026-05-20,104.53340510830775,8963383
2026-05-21,105.66521626502535,12296859
2026-05-22,105.37188895447946,15413695
2026-05-25,107.4301949015745,7262045
2026-05-26,108.62380796535146,6472051
2026-05-27,109.30937451212625,8268755
2026-05-28,109.28632701719384,19187757
2026-05-29,111.07499737221913,8136105
2026-06-01,112.60669738759817,4635272
2026-06-02,112.06579854304867,6395078
2026-06-03,113.73004209963986,13008840
2026-06-04,112.4108683624645,1528997
2026-06-05,112.89841680512886,6643372
2026-06-08,113.72641846608471,10816015
2026-06-09,113.0539738674963,6019581
2026-06-10,113.33853882492575,8358531
2026-06-11,114.5972710635486,5037009
2026-06-12,112.39733124640938,14831765
2026-06-15,112.78148215392235,17094903
2026-06-16,117.38013560479604,18366640
2026-06-17,115.65870624928392,13830702
2026-06-18,117.83473837289337,15266519
2026-06-19,117.64380615022296,9458039
2026-06-22,120.18777545300384,14271524
2026-06-23,118.64470619226567,3663172
2026-06-24,118.66952969834647,18804252
2026-06-25,123.49965999911352,1969875
2026-06-26,123.12754152918384,3346178
2026-06-29,124.5518752113493,4441471
2026-06-30,125.90450800975962,4335618
2026-07-01,121.40232707557288,12857704
2026-07-02,122.3936093590675,4393732
